"country","month","year","imp_gdp"
"Bulgaria","1996-01",1996,37.3
"Bulgaria","1996-02",1996,37.3
"Bulgaria","1996-03",1996,37.3
"Bulgaria","1996-04",1996,37.3
"Bulgaria","1996-05",1996,37.3
"Bulgaria","1996-06",1996,37.3
"Bulgaria","1996-07",1996,37.3
"Bulgaria","1996-08",1996,37.3
"Bulgaria","1996-09",1996,37.3
"Bulgaria","1996-10",1996,37.3
"Bulgaria","1996-11",1996,37.3
"Bulgaria","1996-12",1996,37.3
"Bulgaria","1997-01",1997,36.9
"Bulgaria","1997-02",1997,36.9
"Bulgaria","1997-03",1997,36.9
"Bulgaria","1997-04",1997,36.9
"Bulgaria","1997-05",1997,36.9
"Bulgaria","1997-06",1997,36.9
"Bulgaria","1997-07",1997,36.9
"Bulgaria","1997-08",1997,36.9
"Bulgaria","1997-09",1997,36.9
"Bulgaria","1997-10",1997,36.9
"Bulgaria","1997-11",1997,36.9
"Bulgaria","1997-12",1997,36.9
"Bulgaria","1998-01",1998,35.1
"Bulgaria","1998-02",1998,35.1
"Bulgaria","1998-03",1998,35.1
"Bulgaria","1998-04",1998,35.1
"Bulgaria","1998-05",1998,35.1
"Bulgaria","1998-06",1998,35.1
"Bulgaria","1998-07",1998,35.1
"Bulgaria","1998-08",1998,35.1
"Bulgaria","1998-09",1998,35.1
"Bulgaria","1998-10",1998,35.1
"Bulgaria","1998-11",1998,35.1
"Bulgaria","1998-12",1998,35.1
"Bulgaria","1999-01",1999,47.3
"Bulgaria","1999-02",1999,47.3
"Bulgaria","1999-03",1999,47.3
"Bulgaria","1999-04",1999,47.3
"Bulgaria","1999-05",1999,47.3
"Bulgaria","1999-06",1999,47.3
"Bulgaria","1999-07",1999,47.3
"Bulgaria","1999-08",1999,47.3
"Bulgaria","1999-09",1999,47.3
"Bulgaria","1999-10",1999,47.3
"Bulgaria","1999-11",1999,47.3
"Bulgaria","1999-12",1999,47.3
"Bulgaria","2000-01",2000,41.5
"Bulgaria","2000-02",2000,41.5
"Bulgaria","2000-03",2000,41.5
"Bulgaria","2000-04",2000,41.5
"Bulgaria","2000-05",2000,41.5
"Bulgaria","2000-06",2000,41.5
"Bulgaria","2000-07",2000,41.5
"Bulgaria","2000-08",2000,41.5
"Bulgaria","2000-09",2000,41.5
"Bulgaria","2000-10",2000,41.5
"Bulgaria","2000-11",2000,41.5
"Bulgaria","2000-12",2000,41.5
"Bulgaria","2001-01",2001,44.2
"Bulgaria","2001-02",2001,44.2
"Bulgaria","2001-03",2001,44.2
"Bulgaria","2001-04",2001,44.2
"Bulgaria","2001-05",2001,44.2
"Bulgaria","2001-06",2001,44.2
"Bulgaria","2001-07",2001,44.2
"Bulgaria","2001-08",2001,44.2
"Bulgaria","2001-09",2001,44.2
"Bulgaria","2001-10",2001,44.2
"Bulgaria","2001-11",2001,44.2
"Bulgaria","2001-12",2001,44.2
"Bulgaria","2002-01",2002,41.6
"Bulgaria","2002-02",2002,41.6
"Bulgaria","2002-03",2002,41.6
"Bulgaria","2002-04",2002,41.6
"Bulgaria","2002-05",2002,41.6
"Bulgaria","2002-06",2002,41.6
"Bulgaria","2002-07",2002,41.6
"Bulgaria","2002-08",2002,41.6
"Bulgaria","2002-09",2002,41.6
"Bulgaria","2002-10",2002,41.6
"Bulgaria","2002-11",2002,41.6
"Bulgaria","2002-12",2002,41.6
"Bulgaria","2003-01",2003,44.6
"Bulgaria","2003-02",2003,44.6
"Bulgaria","2003-03",2003,44.6
"Bulgaria","2003-04",2003,44.6
"Bulgaria","2003-05",2003,44.6
"Bulgaria","2003-06",2003,44.6
"Bulgaria","2003-07",2003,44.6
"Bulgaria","2003-08",2003,44.6
"Bulgaria","2003-09",2003,44.6
"Bulgaria","2003-10",2003,44.6
"Bulgaria","2003-11",2003,44.6
"Bulgaria","2003-12",2003,44.6
"Bulgaria","2004-01",2004,52.1
"Bulgaria","2004-02",2004,52.1
"Bulgaria","2004-03",2004,52.1
"Bulgaria","2004-04",2004,52.1
"Bulgaria","2004-05",2004,52.1
"Bulgaria","2004-06",2004,52.1
"Bulgaria","2004-07",2004,52.1
"Bulgaria","2004-08",2004,52.1
"Bulgaria","2004-09",2004,52.1
"Bulgaria","2004-10",2004,52.1
"Bulgaria","2004-11",2004,52.1
"Bulgaria","2004-12",2004,52.1
"Bulgaria","2005-01",2005,57.2
"Bulgaria","2005-02",2005,57.2
"Bulgaria","2005-03",2005,57.2
"Bulgaria","2005-04",2005,57.2
"Bulgaria","2005-05",2005,57.2
"Bulgaria","2005-06",2005,57.2
"Bulgaria","2005-07",2005,57.2
"Bulgaria","2005-08",2005,57.2
"Bulgaria","2005-09",2005,57.2
"Bulgaria","2005-10",2005,57.2
"Bulgaria","2005-11",2005,57.2
"Bulgaria","2005-12",2005,57.2
"Bulgaria","2006-01",2006,64.1
"Bulgaria","2006-02",2006,64.1
"Bulgaria","2006-03",2006,64.1
"Bulgaria","2006-04",2006,64.1
"Bulgaria","2006-05",2006,64.1
"Bulgaria","2006-06",2006,64.1
"Bulgaria","2006-07",2006,64.1
"Bulgaria","2006-08",2006,64.1
"Bulgaria","2006-09",2006,64.1
"Bulgaria","2006-10",2006,64.1
"Bulgaria","2006-11",2006,64.1
"Bulgaria","2006-12",2006,64.1
"Bulgaria","2007-01",2007,71.2
"Bulgaria","2007-02",2007,71.2
"Bulgaria","2007-03",2007,71.2
"Bulgaria","2007-04",2007,71.2
"Bulgaria","2007-05",2007,71.2
"Bulgaria","2007-06",2007,71.2
"Bulgaria","2007-07",2007,71.2
"Bulgaria","2007-08",2007,71.2
"Bulgaria","2007-09",2007,71.2
"Bulgaria","2007-10",2007,71.2
"Bulgaria","2007-11",2007,71.2
"Bulgaria","2007-12",2007,71.2
"Bulgaria","2008-01",2008,72.2
"Bulgaria","2008-02",2008,72.2
"Bulgaria","2008-03",2008,72.2
"Bulgaria","2008-04",2008,72.2
"Bulgaria","2008-05",2008,72.2
"Bulgaria","2008-06",2008,72.2
"Bulgaria","2008-07",2008,72.2
"Bulgaria","2008-08",2008,72.2
"Bulgaria","2008-09",2008,72.2
"Bulgaria","2008-10",2008,72.2
"Bulgaria","2008-11",2008,72.2
"Bulgaria","2008-12",2008,72.2
"Bulgaria","2009-01",2009,50.5
"Bulgaria","2009-02",2009,50.5
"Bulgaria","2009-03",2009,50.5
"Bulgaria","2009-04",2009,50.5
"Bulgaria","2009-05",2009,50.5
"Bulgaria","2009-06",2009,50.5
"Bulgaria","2009-07",2009,50.5
"Bulgaria","2009-08",2009,50.5
"Bulgaria","2009-09",2009,50.5
"Bulgaria","2009-10",2009,50.5
"Bulgaria","2009-11",2009,50.5
"Bulgaria","2009-12",2009,50.5
"Bulgaria","2010-01",2010,53.3
"Bulgaria","2010-02",2010,53.3
"Bulgaria","2010-03",2010,53.3
"Bulgaria","2010-04",2010,53.3
"Bulgaria","2010-05",2010,53.3
"Bulgaria","2010-06",2010,53.3
"Bulgaria","2010-07",2010,53.3
"Bulgaria","2010-08",2010,53.3
"Bulgaria","2010-09",2010,53.3
"Bulgaria","2010-10",2010,53.3
"Bulgaria","2010-11",2010,53.3
"Bulgaria","2010-12",2010,53.3
"Bulgaria","2011-01",2011,58.6
"Bulgaria","2011-02",2011,58.6
"Bulgaria","2011-03",2011,58.6
"Bulgaria","2011-04",2011,58.6
"Bulgaria","2011-05",2011,58.6
"Bulgaria","2011-06",2011,58.6
"Bulgaria","2011-07",2011,58.6
"Bulgaria","2011-08",2011,58.6
"Bulgaria","2011-09",2011,58.6
"Bulgaria","2011-10",2011,58.6
"Bulgaria","2011-11",2011,58.6
"Bulgaria","2011-12",2011,58.6
"Bulgaria","2012-01",2012,63.6
"Bulgaria","2012-02",2012,63.6
"Bulgaria","2012-03",2012,63.6
"Bulgaria","2012-04",2012,63.6
"Bulgaria","2012-05",2012,63.6
"Bulgaria","2012-06",2012,63.6
"Bulgaria","2012-07",2012,63.6
"Bulgaria","2012-08",2012,63.6
"Bulgaria","2012-09",2012,63.6
"Bulgaria","2012-10",2012,63.6
"Bulgaria","2012-11",2012,63.6
"Bulgaria","2012-12",2012,63.6
"Bulgaria","2013-01",2013,65.1
"Bulgaria","2013-02",2013,65.1
"Bulgaria","2013-03",2013,65.1
"Bulgaria","2013-04",2013,65.1
"Bulgaria","2013-05",2013,65.1
"Bulgaria","2013-06",2013,65.1
"Bulgaria","2013-07",2013,65.1
"Bulgaria","2013-08",2013,65.1
"Bulgaria","2013-09",2013,65.1
"Bulgaria","2013-10",2013,65.1
"Bulgaria","2013-11",2013,65.1
"Bulgaria","2013-12",2013,65.1
"Bulgaria","2014-01",2014,65.7
"Bulgaria","2014-02",2014,65.7
"Bulgaria","2014-03",2014,65.7
"Bulgaria","2014-04",2014,65.7
"Bulgaria","2014-05",2014,65.7
"Bulgaria","2014-06",2014,65.7
"Bulgaria","2014-07",2014,65.7
"Bulgaria","2014-08",2014,65.7
"Bulgaria","2014-09",2014,65.7
"Bulgaria","2014-10",2014,65.7
"Bulgaria","2014-11",2014,65.7
"Bulgaria","2014-12",2014,65.7
"Bulgaria","2015-01",2015,63
"Bulgaria","2015-02",2015,63
"Bulgaria","2015-03",2015,63
"Bulgaria","2015-04",2015,63
"Bulgaria","2015-05",2015,63
"Bulgaria","2015-06",2015,63
"Bulgaria","2015-07",2015,63
"Bulgaria","2015-08",2015,63
"Bulgaria","2015-09",2015,63
"Bulgaria","2015-10",2015,63
"Bulgaria","2015-11",2015,63
"Bulgaria","2015-12",2015,63
"Bulgaria","2016-01",2016,58.9
"Bulgaria","2016-02",2016,58.9
"Bulgaria","2016-03",2016,58.9
"Bulgaria","2016-04",2016,58.9
"Bulgaria","2016-05",2016,58.9
"Bulgaria","2016-06",2016,58.9
"Bulgaria","2016-07",2016,58.9
"Bulgaria","2016-08",2016,58.9
"Bulgaria","2016-09",2016,58.9
"Bulgaria","2016-10",2016,58.9
"Bulgaria","2016-11",2016,58.9
"Bulgaria","2016-12",2016,58.9
"Bulgaria","2017-01",2017,62.6
"Bulgaria","2017-02",2017,62.6
"Bulgaria","2017-03",2017,62.6
"Bulgaria","2017-04",2017,62.6
"Bulgaria","2017-05",2017,62.6
"Bulgaria","2017-06",2017,62.6
"Bulgaria","2017-07",2017,62.6
"Bulgaria","2017-08",2017,62.6
"Bulgaria","2017-09",2017,62.6
"Bulgaria","2017-10",2017,62.6
"Bulgaria","2017-11",2017,62.6
"Bulgaria","2017-12",2017,62.6
"Bulgaria","2018-01",2018,63.2
"Bulgaria","2018-02",2018,63.2
"Bulgaria","2018-03",2018,63.2
"Bulgaria","2018-04",2018,63.2
"Bulgaria","2018-05",2018,63.2
"Bulgaria","2018-06",2018,63.2
"Bulgaria","2018-07",2018,63.2
"Bulgaria","2018-08",2018,63.2
"Bulgaria","2018-09",2018,63.2
"Bulgaria","2018-10",2018,63.2
"Bulgaria","2018-11",2018,63.2
"Bulgaria","2018-12",2018,63.2
"Bulgaria","2019-01",2019,61
"Bulgaria","2019-02",2019,61
"Bulgaria","2019-03",2019,61
"Bulgaria","2019-04",2019,61
"Bulgaria","2019-05",2019,61
"Bulgaria","2019-06",2019,61
"Bulgaria","2019-07",2019,61
"Bulgaria","2019-08",2019,61
"Bulgaria","2019-09",2019,61
"Bulgaria","2019-10",2019,61
"Bulgaria","2019-11",2019,61
"Bulgaria","2019-12",2019,61
"Bulgaria","2020-01",2020,53.9
"Bulgaria","2020-02",2020,53.9
"Bulgaria","2020-03",2020,53.9
"Bulgaria","2020-04",2020,53.9
"Bulgaria","2020-05",2020,53.9
"Bulgaria","2020-06",2020,53.9
"Bulgaria","2020-07",2020,53.9
"Bulgaria","2020-08",2020,53.9
"Bulgaria","2020-09",2020,53.9
"Bulgaria","2020-10",2020,53.9
"Bulgaria","2020-11",2020,53.9
"Bulgaria","2020-12",2020,53.9
"Bulgaria","2021-01",2021,59.4
"Bulgaria","2021-02",2021,59.4
"Bulgaria","2021-03",2021,59.4
"Bulgaria","2021-04",2021,59.4
"Bulgaria","2021-05",2021,59.4
"Bulgaria","2021-06",2021,59.4
"Bulgaria","2021-07",2021,59.4
"Bulgaria","2021-08",2021,59.4
"Bulgaria","2021-09",2021,59.4
"Bulgaria","2021-10",2021,59.4
"Bulgaria","2021-11",2021,59.4
"Bulgaria","2021-12",2021,59.4
"Bulgaria","2022-01",2022,68.9
"Bulgaria","2022-02",2022,68.9
"Bulgaria","2022-03",2022,68.9
"Bulgaria","2022-04",2022,68.9
"Bulgaria","2022-05",2022,68.9
"Bulgaria","2022-06",2022,68.9
"Bulgaria","2022-07",2022,68.9
"Bulgaria","2022-08",2022,68.9
"Bulgaria","2022-09",2022,68.9
"Bulgaria","2022-10",2022,68.9
"Bulgaria","2022-11",2022,68.9
"Bulgaria","2022-12",2022,68.9
"Bulgaria","2023-01",2023,57.9
"Bulgaria","2023-02",2023,57.9
"Bulgaria","2023-03",2023,57.9
"Bulgaria","2023-04",2023,57.9
"Bulgaria","2023-05",2023,57.9
"Bulgaria","2023-06",2023,57.9
"Bulgaria","2023-07",2023,57.9
"Bulgaria","2023-08",2023,57.9
"Bulgaria","2023-09",2023,57.9
"Bulgaria","2023-10",2023,57.9
"Bulgaria","2023-11",2023,57.9
"Bulgaria","2023-12",2023,57.9
"Bulgaria","2024-01",2024,53.9
"Bulgaria","2024-02",2024,53.9
"Bulgaria","2024-03",2024,53.9
"Bulgaria","2024-04",2024,53.9
"Bulgaria","2024-05",2024,53.9
"Bulgaria","2024-06",2024,53.9
"Bulgaria","2024-07",2024,53.9
"Bulgaria","2024-08",2024,53.9
"Bulgaria","2024-09",2024,53.9
"Bulgaria","2024-10",2024,53.9
"Bulgaria","2024-11",2024,53.9
"Bulgaria","2024-12",2024,53.9
"Bulgaria","2025-01",2025,NA
"Bulgaria","2025-02",2025,NA
"Bulgaria","2025-03",2025,NA
"Bulgaria","2025-04",2025,NA
"Bulgaria","2025-05",2025,NA
"Bulgaria","2025-06",2025,NA
"Bulgaria","2025-07",2025,NA
"Bulgaria","2025-08",2025,NA
"Bulgaria","2025-09",2025,NA
"Bulgaria","2025-10",2025,NA
"Bulgaria","2025-11",2025,NA
"Bulgaria","2025-12",2025,NA
"Czechia","1996-01",1996,42.7
"Czechia","1996-02",1996,42.7
"Czechia","1996-03",1996,42.7
"Czechia","1996-04",1996,42.7
"Czechia","1996-05",1996,42.7
"Czechia","1996-06",1996,42.7
"Czechia","1996-07",1996,42.7
"Czechia","1996-08",1996,42.7
"Czechia","1996-09",1996,42.7
"Czechia","1996-10",1996,42.7
"Czechia","1996-11",1996,42.7
"Czechia","1996-12",1996,42.7
"Czechia","1997-01",1997,44.1
"Czechia","1997-02",1997,44.1
"Czechia","1997-03",1997,44.1
"Czechia","1997-04",1997,44.1
"Czechia","1997-05",1997,44.1
"Czechia","1997-06",1997,44.1
"Czechia","1997-07",1997,44.1
"Czechia","1997-08",1997,44.1
"Czechia","1997-09",1997,44.1
"Czechia","1997-10",1997,44.1
"Czechia","1997-11",1997,44.1
"Czechia","1997-12",1997,44.1
"Czechia","1998-01",1998,42.1
"Czechia","1998-02",1998,42.1
"Czechia","1998-03",1998,42.1
"Czechia","1998-04",1998,42.1
"Czechia","1998-05",1998,42.1
"Czechia","1998-06",1998,42.1
"Czechia","1998-07",1998,42.1
"Czechia","1998-08",1998,42.1
"Czechia","1998-09",1998,42.1
"Czechia","1998-10",1998,42.1
"Czechia","1998-11",1998,42.1
"Czechia","1998-12",1998,42.1
"Czechia","1999-01",1999,43
"Czechia","1999-02",1999,43
"Czechia","1999-03",1999,43
"Czechia","1999-04",1999,43
"Czechia","1999-05",1999,43
"Czechia","1999-06",1999,43
"Czechia","1999-07",1999,43
"Czechia","1999-08",1999,43
"Czechia","1999-09",1999,43
"Czechia","1999-10",1999,43
"Czechia","1999-11",1999,43
"Czechia","1999-12",1999,43
"Czechia","2000-01",2000,49.7
"Czechia","2000-02",2000,49.7
"Czechia","2000-03",2000,49.7
"Czechia","2000-04",2000,49.7
"Czechia","2000-05",2000,49.7
"Czechia","2000-06",2000,49.7
"Czechia","2000-07",2000,49.7
"Czechia","2000-08",2000,49.7
"Czechia","2000-09",2000,49.7
"Czechia","2000-10",2000,49.7
"Czechia","2000-11",2000,49.7
"Czechia","2000-12",2000,49.7
"Czechia","2001-01",2001,49.9
"Czechia","2001-02",2001,49.9
"Czechia","2001-03",2001,49.9
"Czechia","2001-04",2001,49.9
"Czechia","2001-05",2001,49.9
"Czechia","2001-06",2001,49.9
"Czechia","2001-07",2001,49.9
"Czechia","2001-08",2001,49.9
"Czechia","2001-09",2001,49.9
"Czechia","2001-10",2001,49.9
"Czechia","2001-11",2001,49.9
"Czechia","2001-12",2001,49.9
"Czechia","2002-01",2002,46.1
"Czechia","2002-02",2002,46.1
"Czechia","2002-03",2002,46.1
"Czechia","2002-04",2002,46.1
"Czechia","2002-05",2002,46.1
"Czechia","2002-06",2002,46.1
"Czechia","2002-07",2002,46.1
"Czechia","2002-08",2002,46.1
"Czechia","2002-09",2002,46.1
"Czechia","2002-10",2002,46.1
"Czechia","2002-11",2002,46.1
"Czechia","2002-12",2002,46.1
"Czechia","2003-01",2003,48.1
"Czechia","2003-02",2003,48.1
"Czechia","2003-03",2003,48.1
"Czechia","2003-04",2003,48.1
"Czechia","2003-05",2003,48.1
"Czechia","2003-06",2003,48.1
"Czechia","2003-07",2003,48.1
"Czechia","2003-08",2003,48.1
"Czechia","2003-09",2003,48.1
"Czechia","2003-10",2003,48.1
"Czechia","2003-11",2003,48.1
"Czechia","2003-12",2003,48.1
"Czechia","2004-01",2004,56.3
"Czechia","2004-02",2004,56.3
"Czechia","2004-03",2004,56.3
"Czechia","2004-04",2004,56.3
"Czechia","2004-05",2004,56.3
"Czechia","2004-06",2004,56.3
"Czechia","2004-07",2004,56.3
"Czechia","2004-08",2004,56.3
"Czechia","2004-09",2004,56.3
"Czechia","2004-10",2004,56.3
"Czechia","2004-11",2004,56.3
"Czechia","2004-12",2004,56.3
"Czechia","2005-01",2005,59.4
"Czechia","2005-02",2005,59.4
"Czechia","2005-03",2005,59.4
"Czechia","2005-04",2005,59.4
"Czechia","2005-05",2005,59.4
"Czechia","2005-06",2005,59.4
"Czechia","2005-07",2005,59.4
"Czechia","2005-08",2005,59.4
"Czechia","2005-09",2005,59.4
"Czechia","2005-10",2005,59.4
"Czechia","2005-11",2005,59.4
"Czechia","2005-12",2005,59.4
"Czechia","2006-01",2006,62.2
"Czechia","2006-02",2006,62.2
"Czechia","2006-03",2006,62.2
"Czechia","2006-04",2006,62.2
"Czechia","2006-05",2006,62.2
"Czechia","2006-06",2006,62.2
"Czechia","2006-07",2006,62.2
"Czechia","2006-08",2006,62.2
"Czechia","2006-09",2006,62.2
"Czechia","2006-10",2006,62.2
"Czechia","2006-11",2006,62.2
"Czechia","2006-12",2006,62.2
"Czechia","2007-01",2007,63.7
"Czechia","2007-02",2007,63.7
"Czechia","2007-03",2007,63.7
"Czechia","2007-04",2007,63.7
"Czechia","2007-05",2007,63.7
"Czechia","2007-06",2007,63.7
"Czechia","2007-07",2007,63.7
"Czechia","2007-08",2007,63.7
"Czechia","2007-09",2007,63.7
"Czechia","2007-10",2007,63.7
"Czechia","2007-11",2007,63.7
"Czechia","2007-12",2007,63.7
"Czechia","2008-01",2008,60.9
"Czechia","2008-02",2008,60.9
"Czechia","2008-03",2008,60.9
"Czechia","2008-04",2008,60.9
"Czechia","2008-05",2008,60.9
"Czechia","2008-06",2008,60.9
"Czechia","2008-07",2008,60.9
"Czechia","2008-08",2008,60.9
"Czechia","2008-09",2008,60.9
"Czechia","2008-10",2008,60.9
"Czechia","2008-11",2008,60.9
"Czechia","2008-12",2008,60.9
"Czechia","2009-01",2009,54.6
"Czechia","2009-02",2009,54.6
"Czechia","2009-03",2009,54.6
"Czechia","2009-04",2009,54.6
"Czechia","2009-05",2009,54.6
"Czechia","2009-06",2009,54.6
"Czechia","2009-07",2009,54.6
"Czechia","2009-08",2009,54.6
"Czechia","2009-09",2009,54.6
"Czechia","2009-10",2009,54.6
"Czechia","2009-11",2009,54.6
"Czechia","2009-12",2009,54.6
"Czechia","2010-01",2010,61.9
"Czechia","2010-02",2010,61.9
"Czechia","2010-03",2010,61.9
"Czechia","2010-04",2010,61.9
"Czechia","2010-05",2010,61.9
"Czechia","2010-06",2010,61.9
"Czechia","2010-07",2010,61.9
"Czechia","2010-08",2010,61.9
"Czechia","2010-09",2010,61.9
"Czechia","2010-10",2010,61.9
"Czechia","2010-11",2010,61.9
"Czechia","2010-12",2010,61.9
"Czechia","2011-01",2011,66.5
"Czechia","2011-02",2011,66.5
"Czechia","2011-03",2011,66.5
"Czechia","2011-04",2011,66.5
"Czechia","2011-05",2011,66.5
"Czechia","2011-06",2011,66.5
"Czechia","2011-07",2011,66.5
"Czechia","2011-08",2011,66.5
"Czechia","2011-09",2011,66.5
"Czechia","2011-10",2011,66.5
"Czechia","2011-11",2011,66.5
"Czechia","2011-12",2011,66.5
"Czechia","2012-01",2012,70.4
"Czechia","2012-02",2012,70.4
"Czechia","2012-03",2012,70.4
"Czechia","2012-04",2012,70.4
"Czechia","2012-05",2012,70.4
"Czechia","2012-06",2012,70.4
"Czechia","2012-07",2012,70.4
"Czechia","2012-08",2012,70.4
"Czechia","2012-09",2012,70.4
"Czechia","2012-10",2012,70.4
"Czechia","2012-11",2012,70.4
"Czechia","2012-12",2012,70.4
"Czechia","2013-01",2013,69.9
"Czechia","2013-02",2013,69.9
"Czechia","2013-03",2013,69.9
"Czechia","2013-04",2013,69.9
"Czechia","2013-05",2013,69.9
"Czechia","2013-06",2013,69.9
"Czechia","2013-07",2013,69.9
"Czechia","2013-08",2013,69.9
"Czechia","2013-09",2013,69.9
"Czechia","2013-10",2013,69.9
"Czechia","2013-11",2013,69.9
"Czechia","2013-12",2013,69.9
"Czechia","2014-01",2014,75.1
"Czechia","2014-02",2014,75.1
"Czechia","2014-03",2014,75.1
"Czechia","2014-04",2014,75.1
"Czechia","2014-05",2014,75.1
"Czechia","2014-06",2014,75.1
"Czechia","2014-07",2014,75.1
"Czechia","2014-08",2014,75.1
"Czechia","2014-09",2014,75.1
"Czechia","2014-10",2014,75.1
"Czechia","2014-11",2014,75.1
"Czechia","2014-12",2014,75.1
"Czechia","2015-01",2015,74
"Czechia","2015-02",2015,74
"Czechia","2015-03",2015,74
"Czechia","2015-04",2015,74
"Czechia","2015-05",2015,74
"Czechia","2015-06",2015,74
"Czechia","2015-07",2015,74
"Czechia","2015-08",2015,74
"Czechia","2015-09",2015,74
"Czechia","2015-10",2015,74
"Czechia","2015-11",2015,74
"Czechia","2015-12",2015,74
"Czechia","2016-01",2016,70.4
"Czechia","2016-02",2016,70.4
"Czechia","2016-03",2016,70.4
"Czechia","2016-04",2016,70.4
"Czechia","2016-05",2016,70.4
"Czechia","2016-06",2016,70.4
"Czechia","2016-07",2016,70.4
"Czechia","2016-08",2016,70.4
"Czechia","2016-09",2016,70.4
"Czechia","2016-10",2016,70.4
"Czechia","2016-11",2016,70.4
"Czechia","2016-12",2016,70.4
"Czechia","2017-01",2017,70.1
"Czechia","2017-02",2017,70.1
"Czechia","2017-03",2017,70.1
"Czechia","2017-04",2017,70.1
"Czechia","2017-05",2017,70.1
"Czechia","2017-06",2017,70.1
"Czechia","2017-07",2017,70.1
"Czechia","2017-08",2017,70.1
"Czechia","2017-09",2017,70.1
"Czechia","2017-10",2017,70.1
"Czechia","2017-11",2017,70.1
"Czechia","2017-12",2017,70.1
"Czechia","2018-01",2018,69.5
"Czechia","2018-02",2018,69.5
"Czechia","2018-03",2018,69.5
"Czechia","2018-04",2018,69.5
"Czechia","2018-05",2018,69.5
"Czechia","2018-06",2018,69.5
"Czechia","2018-07",2018,69.5
"Czechia","2018-08",2018,69.5
"Czechia","2018-09",2018,69.5
"Czechia","2018-10",2018,69.5
"Czechia","2018-11",2018,69.5
"Czechia","2018-12",2018,69.5
"Czechia","2019-01",2019,66
"Czechia","2019-02",2019,66
"Czechia","2019-03",2019,66
"Czechia","2019-04",2019,66
"Czechia","2019-05",2019,66
"Czechia","2019-06",2019,66
"Czechia","2019-07",2019,66
"Czechia","2019-08",2019,66
"Czechia","2019-09",2019,66
"Czechia","2019-10",2019,66
"Czechia","2019-11",2019,66
"Czechia","2019-12",2019,66
"Czechia","2020-01",2020,61
"Czechia","2020-02",2020,61
"Czechia","2020-03",2020,61
"Czechia","2020-04",2020,61
"Czechia","2020-05",2020,61
"Czechia","2020-06",2020,61
"Czechia","2020-07",2020,61
"Czechia","2020-08",2020,61
"Czechia","2020-09",2020,61
"Czechia","2020-10",2020,61
"Czechia","2020-11",2020,61
"Czechia","2020-12",2020,61
"Czechia","2021-01",2021,66.8
"Czechia","2021-02",2021,66.8
"Czechia","2021-03",2021,66.8
"Czechia","2021-04",2021,66.8
"Czechia","2021-05",2021,66.8
"Czechia","2021-06",2021,66.8
"Czechia","2021-07",2021,66.8
"Czechia","2021-08",2021,66.8
"Czechia","2021-09",2021,66.8
"Czechia","2021-10",2021,66.8
"Czechia","2021-11",2021,66.8
"Czechia","2021-12",2021,66.8
"Czechia","2022-01",2022,71.6
"Czechia","2022-02",2022,71.6
"Czechia","2022-03",2022,71.6
"Czechia","2022-04",2022,71.6
"Czechia","2022-05",2022,71.6
"Czechia","2022-06",2022,71.6
"Czechia","2022-07",2022,71.6
"Czechia","2022-08",2022,71.6
"Czechia","2022-09",2022,71.6
"Czechia","2022-10",2022,71.6
"Czechia","2022-11",2022,71.6
"Czechia","2022-12",2022,71.6
"Czechia","2023-01",2023,63.5
"Czechia","2023-02",2023,63.5
"Czechia","2023-03",2023,63.5
"Czechia","2023-04",2023,63.5
"Czechia","2023-05",2023,63.5
"Czechia","2023-06",2023,63.5
"Czechia","2023-07",2023,63.5
"Czechia","2023-08",2023,63.5
"Czechia","2023-09",2023,63.5
"Czechia","2023-10",2023,63.5
"Czechia","2023-11",2023,63.5
"Czechia","2023-12",2023,63.5
"Czechia","2024-01",2024,62.6
"Czechia","2024-02",2024,62.6
"Czechia","2024-03",2024,62.6
"Czechia","2024-04",2024,62.6
"Czechia","2024-05",2024,62.6
"Czechia","2024-06",2024,62.6
"Czechia","2024-07",2024,62.6
"Czechia","2024-08",2024,62.6
"Czechia","2024-09",2024,62.6
"Czechia","2024-10",2024,62.6
"Czechia","2024-11",2024,62.6
"Czechia","2024-12",2024,62.6
"Czechia","2025-01",2025,61.2
"Czechia","2025-02",2025,61.2
"Czechia","2025-03",2025,61.2
"Czechia","2025-04",2025,61.2
"Czechia","2025-05",2025,61.2
"Czechia","2025-06",2025,61.2
"Czechia","2025-07",2025,61.2
"Czechia","2025-08",2025,61.2
"Czechia","2025-09",2025,61.2
"Czechia","2025-10",2025,61.2
"Czechia","2025-11",2025,61.2
"Czechia","2025-12",2025,61.2
"Denmark","1996-01",1996,31.4
"Denmark","1996-02",1996,31.4
"Denmark","1996-03",1996,31.4
"Denmark","1996-04",1996,31.4
"Denmark","1996-05",1996,31.4
"Denmark","1996-06",1996,31.4
"Denmark","1996-07",1996,31.4
"Denmark","1996-08",1996,31.4
"Denmark","1996-09",1996,31.4
"Denmark","1996-10",1996,31.4
"Denmark","1996-11",1996,31.4
"Denmark","1996-12",1996,31.4
"Denmark","1997-01",1997,33.5
"Denmark","1997-02",1997,33.5
"Denmark","1997-03",1997,33.5
"Denmark","1997-04",1997,33.5
"Denmark","1997-05",1997,33.5
"Denmark","1997-06",1997,33.5
"Denmark","1997-07",1997,33.5
"Denmark","1997-08",1997,33.5
"Denmark","1997-09",1997,33.5
"Denmark","1997-10",1997,33.5
"Denmark","1997-11",1997,33.5
"Denmark","1997-12",1997,33.5
"Denmark","1998-01",1998,34.1
"Denmark","1998-02",1998,34.1
"Denmark","1998-03",1998,34.1
"Denmark","1998-04",1998,34.1
"Denmark","1998-05",1998,34.1
"Denmark","1998-06",1998,34.1
"Denmark","1998-07",1998,34.1
"Denmark","1998-08",1998,34.1
"Denmark","1998-09",1998,34.1
"Denmark","1998-10",1998,34.1
"Denmark","1998-11",1998,34.1
"Denmark","1998-12",1998,34.1
"Denmark","1999-01",1999,33.4
"Denmark","1999-02",1999,33.4
"Denmark","1999-03",1999,33.4
"Denmark","1999-04",1999,33.4
"Denmark","1999-05",1999,33.4
"Denmark","1999-06",1999,33.4
"Denmark","1999-07",1999,33.4
"Denmark","1999-08",1999,33.4
"Denmark","1999-09",1999,33.4
"Denmark","1999-10",1999,33.4
"Denmark","1999-11",1999,33.4
"Denmark","1999-12",1999,33.4
"Denmark","2000-01",2000,38.2
"Denmark","2000-02",2000,38.2
"Denmark","2000-03",2000,38.2
"Denmark","2000-04",2000,38.2
"Denmark","2000-05",2000,38.2
"Denmark","2000-06",2000,38.2
"Denmark","2000-07",2000,38.2
"Denmark","2000-08",2000,38.2
"Denmark","2000-09",2000,38.2
"Denmark","2000-10",2000,38.2
"Denmark","2000-11",2000,38.2
"Denmark","2000-12",2000,38.2
"Denmark","2001-01",2001,38.4
"Denmark","2001-02",2001,38.4
"Denmark","2001-03",2001,38.4
"Denmark","2001-04",2001,38.4
"Denmark","2001-05",2001,38.4
"Denmark","2001-06",2001,38.4
"Denmark","2001-07",2001,38.4
"Denmark","2001-08",2001,38.4
"Denmark","2001-09",2001,38.4
"Denmark","2001-10",2001,38.4
"Denmark","2001-11",2001,38.4
"Denmark","2001-12",2001,38.4
"Denmark","2002-01",2002,38.8
"Denmark","2002-02",2002,38.8
"Denmark","2002-03",2002,38.8
"Denmark","2002-04",2002,38.8
"Denmark","2002-05",2002,38.8
"Denmark","2002-06",2002,38.8
"Denmark","2002-07",2002,38.8
"Denmark","2002-08",2002,38.8
"Denmark","2002-09",2002,38.8
"Denmark","2002-10",2002,38.8
"Denmark","2002-11",2002,38.8
"Denmark","2002-12",2002,38.8
"Denmark","2003-01",2003,37
"Denmark","2003-02",2003,37
"Denmark","2003-03",2003,37
"Denmark","2003-04",2003,37
"Denmark","2003-05",2003,37
"Denmark","2003-06",2003,37
"Denmark","2003-07",2003,37
"Denmark","2003-08",2003,37
"Denmark","2003-09",2003,37
"Denmark","2003-10",2003,37
"Denmark","2003-11",2003,37
"Denmark","2003-12",2003,37
"Denmark","2004-01",2004,38.2
"Denmark","2004-02",2004,38.2
"Denmark","2004-03",2004,38.2
"Denmark","2004-04",2004,38.2
"Denmark","2004-05",2004,38.2
"Denmark","2004-06",2004,38.2
"Denmark","2004-07",2004,38.2
"Denmark","2004-08",2004,38.2
"Denmark","2004-09",2004,38.2
"Denmark","2004-10",2004,38.2
"Denmark","2004-11",2004,38.2
"Denmark","2004-12",2004,38.2
"Denmark","2005-01",2005,42
"Denmark","2005-02",2005,42
"Denmark","2005-03",2005,42
"Denmark","2005-04",2005,42
"Denmark","2005-05",2005,42
"Denmark","2005-06",2005,42
"Denmark","2005-07",2005,42
"Denmark","2005-08",2005,42
"Denmark","2005-09",2005,42
"Denmark","2005-10",2005,42
"Denmark","2005-11",2005,42
"Denmark","2005-12",2005,42
"Denmark","2006-01",2006,46.7
"Denmark","2006-02",2006,46.7
"Denmark","2006-03",2006,46.7
"Denmark","2006-04",2006,46.7
"Denmark","2006-05",2006,46.7
"Denmark","2006-06",2006,46.7
"Denmark","2006-07",2006,46.7
"Denmark","2006-08",2006,46.7
"Denmark","2006-09",2006,46.7
"Denmark","2006-10",2006,46.7
"Denmark","2006-11",2006,46.7
"Denmark","2006-12",2006,46.7
"Denmark","2007-01",2007,48.7
"Denmark","2007-02",2007,48.7
"Denmark","2007-03",2007,48.7
"Denmark","2007-04",2007,48.7
"Denmark","2007-05",2007,48.7
"Denmark","2007-06",2007,48.7
"Denmark","2007-07",2007,48.7
"Denmark","2007-08",2007,48.7
"Denmark","2007-09",2007,48.7
"Denmark","2007-10",2007,48.7
"Denmark","2007-11",2007,48.7
"Denmark","2007-12",2007,48.7
"Denmark","2008-01",2008,50.5
"Denmark","2008-02",2008,50.5
"Denmark","2008-03",2008,50.5
"Denmark","2008-04",2008,50.5
"Denmark","2008-05",2008,50.5
"Denmark","2008-06",2008,50.5
"Denmark","2008-07",2008,50.5
"Denmark","2008-08",2008,50.5
"Denmark","2008-09",2008,50.5
"Denmark","2008-10",2008,50.5
"Denmark","2008-11",2008,50.5
"Denmark","2008-12",2008,50.5
"Denmark","2009-01",2009,42.4
"Denmark","2009-02",2009,42.4
"Denmark","2009-03",2009,42.4
"Denmark","2009-04",2009,42.4
"Denmark","2009-05",2009,42.4
"Denmark","2009-06",2009,42.4
"Denmark","2009-07",2009,42.4
"Denmark","2009-08",2009,42.4
"Denmark","2009-09",2009,42.4
"Denmark","2009-10",2009,42.4
"Denmark","2009-11",2009,42.4
"Denmark","2009-12",2009,42.4
"Denmark","2010-01",2010,43.8
"Denmark","2010-02",2010,43.8
"Denmark","2010-03",2010,43.8
"Denmark","2010-04",2010,43.8
"Denmark","2010-05",2010,43.8
"Denmark","2010-06",2010,43.8
"Denmark","2010-07",2010,43.8
"Denmark","2010-08",2010,43.8
"Denmark","2010-09",2010,43.8
"Denmark","2010-10",2010,43.8
"Denmark","2010-11",2010,43.8
"Denmark","2010-12",2010,43.8
"Denmark","2011-01",2011,47.9
"Denmark","2011-02",2011,47.9
"Denmark","2011-03",2011,47.9
"Denmark","2011-04",2011,47.9
"Denmark","2011-05",2011,47.9
"Denmark","2011-06",2011,47.9
"Denmark","2011-07",2011,47.9
"Denmark","2011-08",2011,47.9
"Denmark","2011-09",2011,47.9
"Denmark","2011-10",2011,47.9
"Denmark","2011-11",2011,47.9
"Denmark","2011-12",2011,47.9
"Denmark","2012-01",2012,49.3
"Denmark","2012-02",2012,49.3
"Denmark","2012-03",2012,49.3
"Denmark","2012-04",2012,49.3
"Denmark","2012-05",2012,49.3
"Denmark","2012-06",2012,49.3
"Denmark","2012-07",2012,49.3
"Denmark","2012-08",2012,49.3
"Denmark","2012-09",2012,49.3
"Denmark","2012-10",2012,49.3
"Denmark","2012-11",2012,49.3
"Denmark","2012-12",2012,49.3
"Denmark","2013-01",2013,48.7
"Denmark","2013-02",2013,48.7
"Denmark","2013-03",2013,48.7
"Denmark","2013-04",2013,48.7
"Denmark","2013-05",2013,48.7
"Denmark","2013-06",2013,48.7
"Denmark","2013-07",2013,48.7
"Denmark","2013-08",2013,48.7
"Denmark","2013-09",2013,48.7
"Denmark","2013-10",2013,48.7
"Denmark","2013-11",2013,48.7
"Denmark","2013-12",2013,48.7
"Denmark","2014-01",2014,48.4
"Denmark","2014-02",2014,48.4
"Denmark","2014-03",2014,48.4
"Denmark","2014-04",2014,48.4
"Denmark","2014-05",2014,48.4
"Denmark","2014-06",2014,48.4
"Denmark","2014-07",2014,48.4
"Denmark","2014-08",2014,48.4
"Denmark","2014-09",2014,48.4
"Denmark","2014-10",2014,48.4
"Denmark","2014-11",2014,48.4
"Denmark","2014-12",2014,48.4
"Denmark","2015-01",2015,49.3
"Denmark","2015-02",2015,49.3
"Denmark","2015-03",2015,49.3
"Denmark","2015-04",2015,49.3
"Denmark","2015-05",2015,49.3
"Denmark","2015-06",2015,49.3
"Denmark","2015-07",2015,49.3
"Denmark","2015-08",2015,49.3
"Denmark","2015-09",2015,49.3
"Denmark","2015-10",2015,49.3
"Denmark","2015-11",2015,49.3
"Denmark","2015-12",2015,49.3
"Denmark","2016-01",2016,47.7
"Denmark","2016-02",2016,47.7
"Denmark","2016-03",2016,47.7
"Denmark","2016-04",2016,47.7
"Denmark","2016-05",2016,47.7
"Denmark","2016-06",2016,47.7
"Denmark","2016-07",2016,47.7
"Denmark","2016-08",2016,47.7
"Denmark","2016-09",2016,47.7
"Denmark","2016-10",2016,47.7
"Denmark","2016-11",2016,47.7
"Denmark","2016-12",2016,47.7
"Denmark","2017-01",2017,48.9
"Denmark","2017-02",2017,48.9
"Denmark","2017-03",2017,48.9
"Denmark","2017-04",2017,48.9
"Denmark","2017-05",2017,48.9
"Denmark","2017-06",2017,48.9
"Denmark","2017-07",2017,48.9
"Denmark","2017-08",2017,48.9
"Denmark","2017-09",2017,48.9
"Denmark","2017-10",2017,48.9
"Denmark","2017-11",2017,48.9
"Denmark","2017-12",2017,48.9
"Denmark","2018-01",2018,51.8
"Denmark","2018-02",2018,51.8
"Denmark","2018-03",2018,51.8
"Denmark","2018-04",2018,51.8
"Denmark","2018-05",2018,51.8
"Denmark","2018-06",2018,51.8
"Denmark","2018-07",2018,51.8
"Denmark","2018-08",2018,51.8
"Denmark","2018-09",2018,51.8
"Denmark","2018-10",2018,51.8
"Denmark","2018-11",2018,51.8
"Denmark","2018-12",2018,51.8
"Denmark","2019-01",2019,52.9
"Denmark","2019-02",2019,52.9
"Denmark","2019-03",2019,52.9
"Denmark","2019-04",2019,52.9
"Denmark","2019-05",2019,52.9
"Denmark","2019-06",2019,52.9
"Denmark","2019-07",2019,52.9
"Denmark","2019-08",2019,52.9
"Denmark","2019-09",2019,52.9
"Denmark","2019-10",2019,52.9
"Denmark","2019-11",2019,52.9
"Denmark","2019-12",2019,52.9
"Denmark","2020-01",2020,49.4
"Denmark","2020-02",2020,49.4
"Denmark","2020-03",2020,49.4
"Denmark","2020-04",2020,49.4
"Denmark","2020-05",2020,49.4
"Denmark","2020-06",2020,49.4
"Denmark","2020-07",2020,49.4
"Denmark","2020-08",2020,49.4
"Denmark","2020-09",2020,49.4
"Denmark","2020-10",2020,49.4
"Denmark","2020-11",2020,49.4
"Denmark","2020-12",2020,49.4
"Denmark","2021-01",2021,53.1
"Denmark","2021-02",2021,53.1
"Denmark","2021-03",2021,53.1
"Denmark","2021-04",2021,53.1
"Denmark","2021-05",2021,53.1
"Denmark","2021-06",2021,53.1
"Denmark","2021-07",2021,53.1
"Denmark","2021-08",2021,53.1
"Denmark","2021-09",2021,53.1
"Denmark","2021-10",2021,53.1
"Denmark","2021-11",2021,53.1
"Denmark","2021-12",2021,53.1
"Denmark","2022-01",2022,61.2
"Denmark","2022-02",2022,61.2
"Denmark","2022-03",2022,61.2
"Denmark","2022-04",2022,61.2
"Denmark","2022-05",2022,61.2
"Denmark","2022-06",2022,61.2
"Denmark","2022-07",2022,61.2
"Denmark","2022-08",2022,61.2
"Denmark","2022-09",2022,61.2
"Denmark","2022-10",2022,61.2
"Denmark","2022-11",2022,61.2
"Denmark","2022-12",2022,61.2
"Denmark","2023-01",2023,60.3
"Denmark","2023-02",2023,60.3
"Denmark","2023-03",2023,60.3
"Denmark","2023-04",2023,60.3
"Denmark","2023-05",2023,60.3
"Denmark","2023-06",2023,60.3
"Denmark","2023-07",2023,60.3
"Denmark","2023-08",2023,60.3
"Denmark","2023-09",2023,60.3
"Denmark","2023-10",2023,60.3
"Denmark","2023-11",2023,60.3
"Denmark","2023-12",2023,60.3
"Denmark","2024-01",2024,60.8
"Denmark","2024-02",2024,60.8
"Denmark","2024-03",2024,60.8
"Denmark","2024-04",2024,60.8
"Denmark","2024-05",2024,60.8
"Denmark","2024-06",2024,60.8
"Denmark","2024-07",2024,60.8
"Denmark","2024-08",2024,60.8
"Denmark","2024-09",2024,60.8
"Denmark","2024-10",2024,60.8
"Denmark","2024-11",2024,60.8
"Denmark","2024-12",2024,60.8
"Denmark","2025-01",2025,59
"Denmark","2025-02",2025,59
"Denmark","2025-03",2025,59
"Denmark","2025-04",2025,59
"Denmark","2025-05",2025,59
"Denmark","2025-06",2025,59
"Denmark","2025-07",2025,59
"Denmark","2025-08",2025,59
"Denmark","2025-09",2025,59
"Denmark","2025-10",2025,59
"Denmark","2025-11",2025,59
"Denmark","2025-12",2025,59
"Hungary","1996-01",1996,41.3
"Hungary","1996-02",1996,41.3
"Hungary","1996-03",1996,41.3
"Hungary","1996-04",1996,41.3
"Hungary","1996-05",1996,41.3
"Hungary","1996-06",1996,41.3
"Hungary","1996-07",1996,41.3
"Hungary","1996-08",1996,41.3
"Hungary","1996-09",1996,41.3
"Hungary","1996-10",1996,41.3
"Hungary","1996-11",1996,41.3
"Hungary","1996-12",1996,41.3
"Hungary","1997-01",1997,46.8
"Hungary","1997-02",1997,46.8
"Hungary","1997-03",1997,46.8
"Hungary","1997-04",1997,46.8
"Hungary","1997-05",1997,46.8
"Hungary","1997-06",1997,46.8
"Hungary","1997-07",1997,46.8
"Hungary","1997-08",1997,46.8
"Hungary","1997-09",1997,46.8
"Hungary","1997-10",1997,46.8
"Hungary","1997-11",1997,46.8
"Hungary","1997-12",1997,46.8
"Hungary","1998-01",1998,54.4
"Hungary","1998-02",1998,54.4
"Hungary","1998-03",1998,54.4
"Hungary","1998-04",1998,54.4
"Hungary","1998-05",1998,54.4
"Hungary","1998-06",1998,54.4
"Hungary","1998-07",1998,54.4
"Hungary","1998-08",1998,54.4
"Hungary","1998-09",1998,54.4
"Hungary","1998-10",1998,54.4
"Hungary","1998-11",1998,54.4
"Hungary","1998-12",1998,54.4
"Hungary","1999-01",1999,58.3
"Hungary","1999-02",1999,58.3
"Hungary","1999-03",1999,58.3
"Hungary","1999-04",1999,58.3
"Hungary","1999-05",1999,58.3
"Hungary","1999-06",1999,58.3
"Hungary","1999-07",1999,58.3
"Hungary","1999-08",1999,58.3
"Hungary","1999-09",1999,58.3
"Hungary","1999-10",1999,58.3
"Hungary","1999-11",1999,58.3
"Hungary","1999-12",1999,58.3
"Hungary","2000-01",2000,70.5
"Hungary","2000-02",2000,70.5
"Hungary","2000-03",2000,70.5
"Hungary","2000-04",2000,70.5
"Hungary","2000-05",2000,70.5
"Hungary","2000-06",2000,70.5
"Hungary","2000-07",2000,70.5
"Hungary","2000-08",2000,70.5
"Hungary","2000-09",2000,70.5
"Hungary","2000-10",2000,70.5
"Hungary","2000-11",2000,70.5
"Hungary","2000-12",2000,70.5
"Hungary","2001-01",2001,66.1
"Hungary","2001-02",2001,66.1
"Hungary","2001-03",2001,66.1
"Hungary","2001-04",2001,66.1
"Hungary","2001-05",2001,66.1
"Hungary","2001-06",2001,66.1
"Hungary","2001-07",2001,66.1
"Hungary","2001-08",2001,66.1
"Hungary","2001-09",2001,66.1
"Hungary","2001-10",2001,66.1
"Hungary","2001-11",2001,66.1
"Hungary","2001-12",2001,66.1
"Hungary","2002-01",2002,60.2
"Hungary","2002-02",2002,60.2
"Hungary","2002-03",2002,60.2
"Hungary","2002-04",2002,60.2
"Hungary","2002-05",2002,60.2
"Hungary","2002-06",2002,60.2
"Hungary","2002-07",2002,60.2
"Hungary","2002-08",2002,60.2
"Hungary","2002-09",2002,60.2
"Hungary","2002-10",2002,60.2
"Hungary","2002-11",2002,60.2
"Hungary","2002-12",2002,60.2
"Hungary","2003-01",2003,60.4
"Hungary","2003-02",2003,60.4
"Hungary","2003-03",2003,60.4
"Hungary","2003-04",2003,60.4
"Hungary","2003-05",2003,60.4
"Hungary","2003-06",2003,60.4
"Hungary","2003-07",2003,60.4
"Hungary","2003-08",2003,60.4
"Hungary","2003-09",2003,60.4
"Hungary","2003-10",2003,60.4
"Hungary","2003-11",2003,60.4
"Hungary","2003-12",2003,60.4
"Hungary","2004-01",2004,64.1
"Hungary","2004-02",2004,64.1
"Hungary","2004-03",2004,64.1
"Hungary","2004-04",2004,64.1
"Hungary","2004-05",2004,64.1
"Hungary","2004-06",2004,64.1
"Hungary","2004-07",2004,64.1
"Hungary","2004-08",2004,64.1
"Hungary","2004-09",2004,64.1
"Hungary","2004-10",2004,64.1
"Hungary","2004-11",2004,64.1
"Hungary","2004-12",2004,64.1
"Hungary","2005-01",2005,65.5
"Hungary","2005-02",2005,65.5
"Hungary","2005-03",2005,65.5
"Hungary","2005-04",2005,65.5
"Hungary","2005-05",2005,65.5
"Hungary","2005-06",2005,65.5
"Hungary","2005-07",2005,65.5
"Hungary","2005-08",2005,65.5
"Hungary","2005-09",2005,65.5
"Hungary","2005-10",2005,65.5
"Hungary","2005-11",2005,65.5
"Hungary","2005-12",2005,65.5
"Hungary","2006-01",2006,75.4
"Hungary","2006-02",2006,75.4
"Hungary","2006-03",2006,75.4
"Hungary","2006-04",2006,75.4
"Hungary","2006-05",2006,75.4
"Hungary","2006-06",2006,75.4
"Hungary","2006-07",2006,75.4
"Hungary","2006-08",2006,75.4
"Hungary","2006-09",2006,75.4
"Hungary","2006-10",2006,75.4
"Hungary","2006-11",2006,75.4
"Hungary","2006-12",2006,75.4
"Hungary","2007-01",2007,77.8
"Hungary","2007-02",2007,77.8
"Hungary","2007-03",2007,77.8
"Hungary","2007-04",2007,77.8
"Hungary","2007-05",2007,77.8
"Hungary","2007-06",2007,77.8
"Hungary","2007-07",2007,77.8
"Hungary","2007-08",2007,77.8
"Hungary","2007-09",2007,77.8
"Hungary","2007-10",2007,77.8
"Hungary","2007-11",2007,77.8
"Hungary","2007-12",2007,77.8
"Hungary","2008-01",2008,79.2
"Hungary","2008-02",2008,79.2
"Hungary","2008-03",2008,79.2
"Hungary","2008-04",2008,79.2
"Hungary","2008-05",2008,79.2
"Hungary","2008-06",2008,79.2
"Hungary","2008-07",2008,79.2
"Hungary","2008-08",2008,79.2
"Hungary","2008-09",2008,79.2
"Hungary","2008-10",2008,79.2
"Hungary","2008-11",2008,79.2
"Hungary","2008-12",2008,79.2
"Hungary","2009-01",2009,71
"Hungary","2009-02",2009,71
"Hungary","2009-03",2009,71
"Hungary","2009-04",2009,71
"Hungary","2009-05",2009,71
"Hungary","2009-06",2009,71
"Hungary","2009-07",2009,71
"Hungary","2009-08",2009,71
"Hungary","2009-09",2009,71
"Hungary","2009-10",2009,71
"Hungary","2009-11",2009,71
"Hungary","2009-12",2009,71
"Hungary","2010-01",2010,76.6
"Hungary","2010-02",2010,76.6
"Hungary","2010-03",2010,76.6
"Hungary","2010-04",2010,76.6
"Hungary","2010-05",2010,76.6
"Hungary","2010-06",2010,76.6
"Hungary","2010-07",2010,76.6
"Hungary","2010-08",2010,76.6
"Hungary","2010-09",2010,76.6
"Hungary","2010-10",2010,76.6
"Hungary","2010-11",2010,76.6
"Hungary","2010-12",2010,76.6
"Hungary","2011-01",2011,80.6
"Hungary","2011-02",2011,80.6
"Hungary","2011-03",2011,80.6
"Hungary","2011-04",2011,80.6
"Hungary","2011-05",2011,80.6
"Hungary","2011-06",2011,80.6
"Hungary","2011-07",2011,80.6
"Hungary","2011-08",2011,80.6
"Hungary","2011-09",2011,80.6
"Hungary","2011-10",2011,80.6
"Hungary","2011-11",2011,80.6
"Hungary","2011-12",2011,80.6
"Hungary","2012-01",2012,80.1
"Hungary","2012-02",2012,80.1
"Hungary","2012-03",2012,80.1
"Hungary","2012-04",2012,80.1
"Hungary","2012-05",2012,80.1
"Hungary","2012-06",2012,80.1
"Hungary","2012-07",2012,80.1
"Hungary","2012-08",2012,80.1
"Hungary","2012-09",2012,80.1
"Hungary","2012-10",2012,80.1
"Hungary","2012-11",2012,80.1
"Hungary","2012-12",2012,80.1
"Hungary","2013-01",2013,79.1
"Hungary","2013-02",2013,79.1
"Hungary","2013-03",2013,79.1
"Hungary","2013-04",2013,79.1
"Hungary","2013-05",2013,79.1
"Hungary","2013-06",2013,79.1
"Hungary","2013-07",2013,79.1
"Hungary","2013-08",2013,79.1
"Hungary","2013-09",2013,79.1
"Hungary","2013-10",2013,79.1
"Hungary","2013-11",2013,79.1
"Hungary","2013-12",2013,79.1
"Hungary","2014-01",2014,81.3
"Hungary","2014-02",2014,81.3
"Hungary","2014-03",2014,81.3
"Hungary","2014-04",2014,81.3
"Hungary","2014-05",2014,81.3
"Hungary","2014-06",2014,81.3
"Hungary","2014-07",2014,81.3
"Hungary","2014-08",2014,81.3
"Hungary","2014-09",2014,81.3
"Hungary","2014-10",2014,81.3
"Hungary","2014-11",2014,81.3
"Hungary","2014-12",2014,81.3
"Hungary","2015-01",2015,79.9
"Hungary","2015-02",2015,79.9
"Hungary","2015-03",2015,79.9
"Hungary","2015-04",2015,79.9
"Hungary","2015-05",2015,79.9
"Hungary","2015-06",2015,79.9
"Hungary","2015-07",2015,79.9
"Hungary","2015-08",2015,79.9
"Hungary","2015-09",2015,79.9
"Hungary","2015-10",2015,79.9
"Hungary","2015-11",2015,79.9
"Hungary","2015-12",2015,79.9
"Hungary","2016-01",2016,77.9
"Hungary","2016-02",2016,77.9
"Hungary","2016-03",2016,77.9
"Hungary","2016-04",2016,77.9
"Hungary","2016-05",2016,77.9
"Hungary","2016-06",2016,77.9
"Hungary","2016-07",2016,77.9
"Hungary","2016-08",2016,77.9
"Hungary","2016-09",2016,77.9
"Hungary","2016-10",2016,77.9
"Hungary","2016-11",2016,77.9
"Hungary","2016-12",2016,77.9
"Hungary","2017-01",2017,79.3
"Hungary","2017-02",2017,79.3
"Hungary","2017-03",2017,79.3
"Hungary","2017-04",2017,79.3
"Hungary","2017-05",2017,79.3
"Hungary","2017-06",2017,79.3
"Hungary","2017-07",2017,79.3
"Hungary","2017-08",2017,79.3
"Hungary","2017-09",2017,79.3
"Hungary","2017-10",2017,79.3
"Hungary","2017-11",2017,79.3
"Hungary","2017-12",2017,79.3
"Hungary","2018-01",2018,79.3
"Hungary","2018-02",2018,79.3
"Hungary","2018-03",2018,79.3
"Hungary","2018-04",2018,79.3
"Hungary","2018-05",2018,79.3
"Hungary","2018-06",2018,79.3
"Hungary","2018-07",2018,79.3
"Hungary","2018-08",2018,79.3
"Hungary","2018-09",2018,79.3
"Hungary","2018-10",2018,79.3
"Hungary","2018-11",2018,79.3
"Hungary","2018-12",2018,79.3
"Hungary","2019-01",2019,78.9
"Hungary","2019-02",2019,78.9
"Hungary","2019-03",2019,78.9
"Hungary","2019-04",2019,78.9
"Hungary","2019-05",2019,78.9
"Hungary","2019-06",2019,78.9
"Hungary","2019-07",2019,78.9
"Hungary","2019-08",2019,78.9
"Hungary","2019-09",2019,78.9
"Hungary","2019-10",2019,78.9
"Hungary","2019-11",2019,78.9
"Hungary","2019-12",2019,78.9
"Hungary","2020-01",2020,76.4
"Hungary","2020-02",2020,76.4
"Hungary","2020-03",2020,76.4
"Hungary","2020-04",2020,76.4
"Hungary","2020-05",2020,76.4
"Hungary","2020-06",2020,76.4
"Hungary","2020-07",2020,76.4
"Hungary","2020-08",2020,76.4
"Hungary","2020-09",2020,76.4
"Hungary","2020-10",2020,76.4
"Hungary","2020-11",2020,76.4
"Hungary","2020-12",2020,76.4
"Hungary","2021-01",2021,79.8
"Hungary","2021-02",2021,79.8
"Hungary","2021-03",2021,79.8
"Hungary","2021-04",2021,79.8
"Hungary","2021-05",2021,79.8
"Hungary","2021-06",2021,79.8
"Hungary","2021-07",2021,79.8
"Hungary","2021-08",2021,79.8
"Hungary","2021-09",2021,79.8
"Hungary","2021-10",2021,79.8
"Hungary","2021-11",2021,79.8
"Hungary","2021-12",2021,79.8
"Hungary","2022-01",2022,95.2
"Hungary","2022-02",2022,95.2
"Hungary","2022-03",2022,95.2
"Hungary","2022-04",2022,95.2
"Hungary","2022-05",2022,95.2
"Hungary","2022-06",2022,95.2
"Hungary","2022-07",2022,95.2
"Hungary","2022-08",2022,95.2
"Hungary","2022-09",2022,95.2
"Hungary","2022-10",2022,95.2
"Hungary","2022-11",2022,95.2
"Hungary","2022-12",2022,95.2
"Hungary","2023-01",2023,77.2
"Hungary","2023-02",2023,77.2
"Hungary","2023-03",2023,77.2
"Hungary","2023-04",2023,77.2
"Hungary","2023-05",2023,77.2
"Hungary","2023-06",2023,77.2
"Hungary","2023-07",2023,77.2
"Hungary","2023-08",2023,77.2
"Hungary","2023-09",2023,77.2
"Hungary","2023-10",2023,77.2
"Hungary","2023-11",2023,77.2
"Hungary","2023-12",2023,77.2
"Hungary","2024-01",2024,71.1
"Hungary","2024-02",2024,71.1
"Hungary","2024-03",2024,71.1
"Hungary","2024-04",2024,71.1
"Hungary","2024-05",2024,71.1
"Hungary","2024-06",2024,71.1
"Hungary","2024-07",2024,71.1
"Hungary","2024-08",2024,71.1
"Hungary","2024-09",2024,71.1
"Hungary","2024-10",2024,71.1
"Hungary","2024-11",2024,71.1
"Hungary","2024-12",2024,71.1
"Hungary","2025-01",2025,68.3
"Hungary","2025-02",2025,68.3
"Hungary","2025-03",2025,68.3
"Hungary","2025-04",2025,68.3
"Hungary","2025-05",2025,68.3
"Hungary","2025-06",2025,68.3
"Hungary","2025-07",2025,68.3
"Hungary","2025-08",2025,68.3
"Hungary","2025-09",2025,68.3
"Hungary","2025-10",2025,68.3
"Hungary","2025-11",2025,68.3
"Hungary","2025-12",2025,68.3
"Poland","1996-01",1996,23.4
"Poland","1996-02",1996,23.4
"Poland","1996-03",1996,23.4
"Poland","1996-04",1996,23.4
"Poland","1996-05",1996,23.4
"Poland","1996-06",1996,23.4
"Poland","1996-07",1996,23.4
"Poland","1996-08",1996,23.4
"Poland","1996-09",1996,23.4
"Poland","1996-10",1996,23.4
"Poland","1996-11",1996,23.4
"Poland","1996-12",1996,23.4
"Poland","1997-01",1997,27.1
"Poland","1997-02",1997,27.1
"Poland","1997-03",1997,27.1
"Poland","1997-04",1997,27.1
"Poland","1997-05",1997,27.1
"Poland","1997-06",1997,27.1
"Poland","1997-07",1997,27.1
"Poland","1997-08",1997,27.1
"Poland","1997-09",1997,27.1
"Poland","1997-10",1997,27.1
"Poland","1997-11",1997,27.1
"Poland","1997-12",1997,27.1
"Poland","1998-01",1998,30.7
"Poland","1998-02",1998,30.7
"Poland","1998-03",1998,30.7
"Poland","1998-04",1998,30.7
"Poland","1998-05",1998,30.7
"Poland","1998-06",1998,30.7
"Poland","1998-07",1998,30.7
"Poland","1998-08",1998,30.7
"Poland","1998-09",1998,30.7
"Poland","1998-10",1998,30.7
"Poland","1998-11",1998,30.7
"Poland","1998-12",1998,30.7
"Poland","1999-01",1999,29.9
"Poland","1999-02",1999,29.9
"Poland","1999-03",1999,29.9
"Poland","1999-04",1999,29.9
"Poland","1999-05",1999,29.9
"Poland","1999-06",1999,29.9
"Poland","1999-07",1999,29.9
"Poland","1999-08",1999,29.9
"Poland","1999-09",1999,29.9
"Poland","1999-10",1999,29.9
"Poland","1999-11",1999,29.9
"Poland","1999-12",1999,29.9
"Poland","2000-01",2000,33.5
"Poland","2000-02",2000,33.5
"Poland","2000-03",2000,33.5
"Poland","2000-04",2000,33.5
"Poland","2000-05",2000,33.5
"Poland","2000-06",2000,33.5
"Poland","2000-07",2000,33.5
"Poland","2000-08",2000,33.5
"Poland","2000-09",2000,33.5
"Poland","2000-10",2000,33.5
"Poland","2000-11",2000,33.5
"Poland","2000-12",2000,33.5
"Poland","2001-01",2001,30.8
"Poland","2001-02",2001,30.8
"Poland","2001-03",2001,30.8
"Poland","2001-04",2001,30.8
"Poland","2001-05",2001,30.8
"Poland","2001-06",2001,30.8
"Poland","2001-07",2001,30.8
"Poland","2001-08",2001,30.8
"Poland","2001-09",2001,30.8
"Poland","2001-10",2001,30.8
"Poland","2001-11",2001,30.8
"Poland","2001-12",2001,30.8
"Poland","2002-01",2002,32.2
"Poland","2002-02",2002,32.2
"Poland","2002-03",2002,32.2
"Poland","2002-04",2002,32.2
"Poland","2002-05",2002,32.2
"Poland","2002-06",2002,32.2
"Poland","2002-07",2002,32.2
"Poland","2002-08",2002,32.2
"Poland","2002-09",2002,32.2
"Poland","2002-10",2002,32.2
"Poland","2002-11",2002,32.2
"Poland","2002-12",2002,32.2
"Poland","2003-01",2003,36
"Poland","2003-02",2003,36
"Poland","2003-03",2003,36
"Poland","2003-04",2003,36
"Poland","2003-05",2003,36
"Poland","2003-06",2003,36
"Poland","2003-07",2003,36
"Poland","2003-08",2003,36
"Poland","2003-09",2003,36
"Poland","2003-10",2003,36
"Poland","2003-11",2003,36
"Poland","2003-12",2003,36
"Poland","2004-01",2004,36.9
"Poland","2004-02",2004,36.9
"Poland","2004-03",2004,36.9
"Poland","2004-04",2004,36.9
"Poland","2004-05",2004,36.9
"Poland","2004-06",2004,36.9
"Poland","2004-07",2004,36.9
"Poland","2004-08",2004,36.9
"Poland","2004-09",2004,36.9
"Poland","2004-10",2004,36.9
"Poland","2004-11",2004,36.9
"Poland","2004-12",2004,36.9
"Poland","2005-01",2005,35.8
"Poland","2005-02",2005,35.8
"Poland","2005-03",2005,35.8
"Poland","2005-04",2005,35.8
"Poland","2005-05",2005,35.8
"Poland","2005-06",2005,35.8
"Poland","2005-07",2005,35.8
"Poland","2005-08",2005,35.8
"Poland","2005-09",2005,35.8
"Poland","2005-10",2005,35.8
"Poland","2005-11",2005,35.8
"Poland","2005-12",2005,35.8
"Poland","2006-01",2006,40
"Poland","2006-02",2006,40
"Poland","2006-03",2006,40
"Poland","2006-04",2006,40
"Poland","2006-05",2006,40
"Poland","2006-06",2006,40
"Poland","2006-07",2006,40
"Poland","2006-08",2006,40
"Poland","2006-09",2006,40
"Poland","2006-10",2006,40
"Poland","2006-11",2006,40
"Poland","2006-12",2006,40
"Poland","2007-01",2007,42.3
"Poland","2007-02",2007,42.3
"Poland","2007-03",2007,42.3
"Poland","2007-04",2007,42.3
"Poland","2007-05",2007,42.3
"Poland","2007-06",2007,42.3
"Poland","2007-07",2007,42.3
"Poland","2007-08",2007,42.3
"Poland","2007-09",2007,42.3
"Poland","2007-10",2007,42.3
"Poland","2007-11",2007,42.3
"Poland","2007-12",2007,42.3
"Poland","2008-01",2008,42.9
"Poland","2008-02",2008,42.9
"Poland","2008-03",2008,42.9
"Poland","2008-04",2008,42.9
"Poland","2008-05",2008,42.9
"Poland","2008-06",2008,42.9
"Poland","2008-07",2008,42.9
"Poland","2008-08",2008,42.9
"Poland","2008-09",2008,42.9
"Poland","2008-10",2008,42.9
"Poland","2008-11",2008,42.9
"Poland","2008-12",2008,42.9
"Poland","2009-01",2009,38
"Poland","2009-02",2009,38
"Poland","2009-03",2009,38
"Poland","2009-04",2009,38
"Poland","2009-05",2009,38
"Poland","2009-06",2009,38
"Poland","2009-07",2009,38
"Poland","2009-08",2009,38
"Poland","2009-09",2009,38
"Poland","2009-10",2009,38
"Poland","2009-11",2009,38
"Poland","2009-12",2009,38
"Poland","2010-01",2010,42.3
"Poland","2010-02",2010,42.3
"Poland","2010-03",2010,42.3
"Poland","2010-04",2010,42.3
"Poland","2010-05",2010,42.3
"Poland","2010-06",2010,42.3
"Poland","2010-07",2010,42.3
"Poland","2010-08",2010,42.3
"Poland","2010-09",2010,42.3
"Poland","2010-10",2010,42.3
"Poland","2010-11",2010,42.3
"Poland","2010-12",2010,42.3
"Poland","2011-01",2011,44.6
"Poland","2011-02",2011,44.6
"Poland","2011-03",2011,44.6
"Poland","2011-04",2011,44.6
"Poland","2011-05",2011,44.6
"Poland","2011-06",2011,44.6
"Poland","2011-07",2011,44.6
"Poland","2011-08",2011,44.6
"Poland","2011-09",2011,44.6
"Poland","2011-10",2011,44.6
"Poland","2011-11",2011,44.6
"Poland","2011-12",2011,44.6
"Poland","2012-01",2012,44.8
"Poland","2012-02",2012,44.8
"Poland","2012-03",2012,44.8
"Poland","2012-04",2012,44.8
"Poland","2012-05",2012,44.8
"Poland","2012-06",2012,44.8
"Poland","2012-07",2012,44.8
"Poland","2012-08",2012,44.8
"Poland","2012-09",2012,44.8
"Poland","2012-10",2012,44.8
"Poland","2012-11",2012,44.8
"Poland","2012-12",2012,44.8
"Poland","2013-01",2013,44.7
"Poland","2013-02",2013,44.7
"Poland","2013-03",2013,44.7
"Poland","2013-04",2013,44.7
"Poland","2013-05",2013,44.7
"Poland","2013-06",2013,44.7
"Poland","2013-07",2013,44.7
"Poland","2013-08",2013,44.7
"Poland","2013-09",2013,44.7
"Poland","2013-10",2013,44.7
"Poland","2013-11",2013,44.7
"Poland","2013-12",2013,44.7
"Poland","2014-01",2014,45.8
"Poland","2014-02",2014,45.8
"Poland","2014-03",2014,45.8
"Poland","2014-04",2014,45.8
"Poland","2014-05",2014,45.8
"Poland","2014-06",2014,45.8
"Poland","2014-07",2014,45.8
"Poland","2014-08",2014,45.8
"Poland","2014-09",2014,45.8
"Poland","2014-10",2014,45.8
"Poland","2014-11",2014,45.8
"Poland","2014-12",2014,45.8
"Poland","2015-01",2015,45.1
"Poland","2015-02",2015,45.1
"Poland","2015-03",2015,45.1
"Poland","2015-04",2015,45.1
"Poland","2015-05",2015,45.1
"Poland","2015-06",2015,45.1
"Poland","2015-07",2015,45.1
"Poland","2015-08",2015,45.1
"Poland","2015-09",2015,45.1
"Poland","2015-10",2015,45.1
"Poland","2015-11",2015,45.1
"Poland","2015-12",2015,45.1
"Poland","2016-01",2016,47
"Poland","2016-02",2016,47
"Poland","2016-03",2016,47
"Poland","2016-04",2016,47
"Poland","2016-05",2016,47
"Poland","2016-06",2016,47
"Poland","2016-07",2016,47
"Poland","2016-08",2016,47
"Poland","2016-09",2016,47
"Poland","2016-10",2016,47
"Poland","2016-11",2016,47
"Poland","2016-12",2016,47
"Poland","2017-01",2017,48.9
"Poland","2017-02",2017,48.9
"Poland","2017-03",2017,48.9
"Poland","2017-04",2017,48.9
"Poland","2017-05",2017,48.9
"Poland","2017-06",2017,48.9
"Poland","2017-07",2017,48.9
"Poland","2017-08",2017,48.9
"Poland","2017-09",2017,48.9
"Poland","2017-10",2017,48.9
"Poland","2017-11",2017,48.9
"Poland","2017-12",2017,48.9
"Poland","2018-01",2018,50.2
"Poland","2018-02",2018,50.2
"Poland","2018-03",2018,50.2
"Poland","2018-04",2018,50.2
"Poland","2018-05",2018,50.2
"Poland","2018-06",2018,50.2
"Poland","2018-07",2018,50.2
"Poland","2018-08",2018,50.2
"Poland","2018-09",2018,50.2
"Poland","2018-10",2018,50.2
"Poland","2018-11",2018,50.2
"Poland","2018-12",2018,50.2
"Poland","2019-01",2019,49
"Poland","2019-02",2019,49
"Poland","2019-03",2019,49
"Poland","2019-04",2019,49
"Poland","2019-05",2019,49
"Poland","2019-06",2019,49
"Poland","2019-07",2019,49
"Poland","2019-08",2019,49
"Poland","2019-09",2019,49
"Poland","2019-10",2019,49
"Poland","2019-11",2019,49
"Poland","2019-12",2019,49
"Poland","2020-01",2020,46.8
"Poland","2020-02",2020,46.8
"Poland","2020-03",2020,46.8
"Poland","2020-04",2020,46.8
"Poland","2020-05",2020,46.8
"Poland","2020-06",2020,46.8
"Poland","2020-07",2020,46.8
"Poland","2020-08",2020,46.8
"Poland","2020-09",2020,46.8
"Poland","2020-10",2020,46.8
"Poland","2020-11",2020,46.8
"Poland","2020-12",2020,46.8
"Poland","2021-01",2021,53.8
"Poland","2021-02",2021,53.8
"Poland","2021-03",2021,53.8
"Poland","2021-04",2021,53.8
"Poland","2021-05",2021,53.8
"Poland","2021-06",2021,53.8
"Poland","2021-07",2021,53.8
"Poland","2021-08",2021,53.8
"Poland","2021-09",2021,53.8
"Poland","2021-10",2021,53.8
"Poland","2021-11",2021,53.8
"Poland","2021-12",2021,53.8
"Poland","2022-01",2022,60.7
"Poland","2022-02",2022,60.7
"Poland","2022-03",2022,60.7
"Poland","2022-04",2022,60.7
"Poland","2022-05",2022,60.7
"Poland","2022-06",2022,60.7
"Poland","2022-07",2022,60.7
"Poland","2022-08",2022,60.7
"Poland","2022-09",2022,60.7
"Poland","2022-10",2022,60.7
"Poland","2022-11",2022,60.7
"Poland","2022-12",2022,60.7
"Poland","2023-01",2023,52.1
"Poland","2023-02",2023,52.1
"Poland","2023-03",2023,52.1
"Poland","2023-04",2023,52.1
"Poland","2023-05",2023,52.1
"Poland","2023-06",2023,52.1
"Poland","2023-07",2023,52.1
"Poland","2023-08",2023,52.1
"Poland","2023-09",2023,52.1
"Poland","2023-10",2023,52.1
"Poland","2023-11",2023,52.1
"Poland","2023-12",2023,52.1
"Poland","2024-01",2024,48.2
"Poland","2024-02",2024,48.2
"Poland","2024-03",2024,48.2
"Poland","2024-04",2024,48.2
"Poland","2024-05",2024,48.2
"Poland","2024-06",2024,48.2
"Poland","2024-07",2024,48.2
"Poland","2024-08",2024,48.2
"Poland","2024-09",2024,48.2
"Poland","2024-10",2024,48.2
"Poland","2024-11",2024,48.2
"Poland","2024-12",2024,48.2
"Poland","2025-01",2025,47.1
"Poland","2025-02",2025,47.1
"Poland","2025-03",2025,47.1
"Poland","2025-04",2025,47.1
"Poland","2025-05",2025,47.1
"Poland","2025-06",2025,47.1
"Poland","2025-07",2025,47.1
"Poland","2025-08",2025,47.1
"Poland","2025-09",2025,47.1
"Poland","2025-10",2025,47.1
"Poland","2025-11",2025,47.1
"Poland","2025-12",2025,47.1
"Romania","1996-01",1996,34.3
"Romania","1996-02",1996,34.3
"Romania","1996-03",1996,34.3
"Romania","1996-04",1996,34.3
"Romania","1996-05",1996,34.3
"Romania","1996-06",1996,34.3
"Romania","1996-07",1996,34.3
"Romania","1996-08",1996,34.3
"Romania","1996-09",1996,34.3
"Romania","1996-10",1996,34.3
"Romania","1996-11",1996,34.3
"Romania","1996-12",1996,34.3
"Romania","1997-01",1997,35
"Romania","1997-02",1997,35
"Romania","1997-03",1997,35
"Romania","1997-04",1997,35
"Romania","1997-05",1997,35
"Romania","1997-06",1997,35
"Romania","1997-07",1997,35
"Romania","1997-08",1997,35
"Romania","1997-09",1997,35
"Romania","1997-10",1997,35
"Romania","1997-11",1997,35
"Romania","1997-12",1997,35
"Romania","1998-01",1998,30.8
"Romania","1998-02",1998,30.8
"Romania","1998-03",1998,30.8
"Romania","1998-04",1998,30.8
"Romania","1998-05",1998,30.8
"Romania","1998-06",1998,30.8
"Romania","1998-07",1998,30.8
"Romania","1998-08",1998,30.8
"Romania","1998-09",1998,30.8
"Romania","1998-10",1998,30.8
"Romania","1998-11",1998,30.8
"Romania","1998-12",1998,30.8
"Romania","1999-01",1999,31.3
"Romania","1999-02",1999,31.3
"Romania","1999-03",1999,31.3
"Romania","1999-04",1999,31.3
"Romania","1999-05",1999,31.3
"Romania","1999-06",1999,31.3
"Romania","1999-07",1999,31.3
"Romania","1999-08",1999,31.3
"Romania","1999-09",1999,31.3
"Romania","1999-10",1999,31.3
"Romania","1999-11",1999,31.3
"Romania","1999-12",1999,31.3
"Romania","2000-01",2000,26.9
"Romania","2000-02",2000,26.9
"Romania","2000-03",2000,26.9
"Romania","2000-04",2000,26.9
"Romania","2000-05",2000,26.9
"Romania","2000-06",2000,26.9
"Romania","2000-07",2000,26.9
"Romania","2000-08",2000,26.9
"Romania","2000-09",2000,26.9
"Romania","2000-10",2000,26.9
"Romania","2000-11",2000,26.9
"Romania","2000-12",2000,26.9
"Romania","2001-01",2001,29.8
"Romania","2001-02",2001,29.8
"Romania","2001-03",2001,29.8
"Romania","2001-04",2001,29.8
"Romania","2001-05",2001,29.8
"Romania","2001-06",2001,29.8
"Romania","2001-07",2001,29.8
"Romania","2001-08",2001,29.8
"Romania","2001-09",2001,29.8
"Romania","2001-10",2001,29.8
"Romania","2001-11",2001,29.8
"Romania","2001-12",2001,29.8
"Romania","2002-01",2002,29.7
"Romania","2002-02",2002,29.7
"Romania","2002-03",2002,29.7
"Romania","2002-04",2002,29.7
"Romania","2002-05",2002,29.7
"Romania","2002-06",2002,29.7
"Romania","2002-07",2002,29.7
"Romania","2002-08",2002,29.7
"Romania","2002-09",2002,29.7
"Romania","2002-10",2002,29.7
"Romania","2002-11",2002,29.7
"Romania","2002-12",2002,29.7
"Romania","2003-01",2003,32
"Romania","2003-02",2003,32
"Romania","2003-03",2003,32
"Romania","2003-04",2003,32
"Romania","2003-05",2003,32
"Romania","2003-06",2003,32
"Romania","2003-07",2003,32
"Romania","2003-08",2003,32
"Romania","2003-09",2003,32
"Romania","2003-10",2003,32
"Romania","2003-11",2003,32
"Romania","2003-12",2003,32
"Romania","2004-01",2004,34.9
"Romania","2004-02",2004,34.9
"Romania","2004-03",2004,34.9
"Romania","2004-04",2004,34.9
"Romania","2004-05",2004,34.9
"Romania","2004-06",2004,34.9
"Romania","2004-07",2004,34.9
"Romania","2004-08",2004,34.9
"Romania","2004-09",2004,34.9
"Romania","2004-10",2004,34.9
"Romania","2004-11",2004,34.9
"Romania","2004-12",2004,34.9
"Romania","2005-01",2005,34.8
"Romania","2005-02",2005,34.8
"Romania","2005-03",2005,34.8
"Romania","2005-04",2005,34.8
"Romania","2005-05",2005,34.8
"Romania","2005-06",2005,34.8
"Romania","2005-07",2005,34.8
"Romania","2005-08",2005,34.8
"Romania","2005-09",2005,34.8
"Romania","2005-10",2005,34.8
"Romania","2005-11",2005,34.8
"Romania","2005-12",2005,34.8
"Romania","2006-01",2006,36.9
"Romania","2006-02",2006,36.9
"Romania","2006-03",2006,36.9
"Romania","2006-04",2006,36.9
"Romania","2006-05",2006,36.9
"Romania","2006-06",2006,36.9
"Romania","2006-07",2006,36.9
"Romania","2006-08",2006,36.9
"Romania","2006-09",2006,36.9
"Romania","2006-10",2006,36.9
"Romania","2006-11",2006,36.9
"Romania","2006-12",2006,36.9
"Romania","2007-01",2007,38.8
"Romania","2007-02",2007,38.8
"Romania","2007-03",2007,38.8
"Romania","2007-04",2007,38.8
"Romania","2007-05",2007,38.8
"Romania","2007-06",2007,38.8
"Romania","2007-07",2007,38.8
"Romania","2007-08",2007,38.8
"Romania","2007-09",2007,38.8
"Romania","2007-10",2007,38.8
"Romania","2007-11",2007,38.8
"Romania","2007-12",2007,38.8
"Romania","2008-01",2008,39
"Romania","2008-02",2008,39
"Romania","2008-03",2008,39
"Romania","2008-04",2008,39
"Romania","2008-05",2008,39
"Romania","2008-06",2008,39
"Romania","2008-07",2008,39
"Romania","2008-08",2008,39
"Romania","2008-09",2008,39
"Romania","2008-10",2008,39
"Romania","2008-11",2008,39
"Romania","2008-12",2008,39
"Romania","2009-01",2009,32.4
"Romania","2009-02",2009,32.4
"Romania","2009-03",2009,32.4
"Romania","2009-04",2009,32.4
"Romania","2009-05",2009,32.4
"Romania","2009-06",2009,32.4
"Romania","2009-07",2009,32.4
"Romania","2009-08",2009,32.4
"Romania","2009-09",2009,32.4
"Romania","2009-10",2009,32.4
"Romania","2009-11",2009,32.4
"Romania","2009-12",2009,32.4
"Romania","2010-01",2010,38.3
"Romania","2010-02",2010,38.3
"Romania","2010-03",2010,38.3
"Romania","2010-04",2010,38.3
"Romania","2010-05",2010,38.3
"Romania","2010-06",2010,38.3
"Romania","2010-07",2010,38.3
"Romania","2010-08",2010,38.3
"Romania","2010-09",2010,38.3
"Romania","2010-10",2010,38.3
"Romania","2010-11",2010,38.3
"Romania","2010-12",2010,38.3
"Romania","2011-01",2011,41
"Romania","2011-02",2011,41
"Romania","2011-03",2011,41
"Romania","2011-04",2011,41
"Romania","2011-05",2011,41
"Romania","2011-06",2011,41
"Romania","2011-07",2011,41
"Romania","2011-08",2011,41
"Romania","2011-09",2011,41
"Romania","2011-10",2011,41
"Romania","2011-11",2011,41
"Romania","2011-12",2011,41
"Romania","2012-01",2012,40.9
"Romania","2012-02",2012,40.9
"Romania","2012-03",2012,40.9
"Romania","2012-04",2012,40.9
"Romania","2012-05",2012,40.9
"Romania","2012-06",2012,40.9
"Romania","2012-07",2012,40.9
"Romania","2012-08",2012,40.9
"Romania","2012-09",2012,40.9
"Romania","2012-10",2012,40.9
"Romania","2012-11",2012,40.9
"Romania","2012-12",2012,40.9
"Romania","2013-01",2013,41.2
"Romania","2013-02",2013,41.2
"Romania","2013-03",2013,41.2
"Romania","2013-04",2013,41.2
"Romania","2013-05",2013,41.2
"Romania","2013-06",2013,41.2
"Romania","2013-07",2013,41.2
"Romania","2013-08",2013,41.2
"Romania","2013-09",2013,41.2
"Romania","2013-10",2013,41.2
"Romania","2013-11",2013,41.2
"Romania","2013-12",2013,41.2
"Romania","2014-01",2014,41.9
"Romania","2014-02",2014,41.9
"Romania","2014-03",2014,41.9
"Romania","2014-04",2014,41.9
"Romania","2014-05",2014,41.9
"Romania","2014-06",2014,41.9
"Romania","2014-07",2014,41.9
"Romania","2014-08",2014,41.9
"Romania","2014-09",2014,41.9
"Romania","2014-10",2014,41.9
"Romania","2014-11",2014,41.9
"Romania","2014-12",2014,41.9
"Romania","2015-01",2015,42.2
"Romania","2015-02",2015,42.2
"Romania","2015-03",2015,42.2
"Romania","2015-04",2015,42.2
"Romania","2015-05",2015,42.2
"Romania","2015-06",2015,42.2
"Romania","2015-07",2015,42.2
"Romania","2015-08",2015,42.2
"Romania","2015-09",2015,42.2
"Romania","2015-10",2015,42.2
"Romania","2015-11",2015,42.2
"Romania","2015-12",2015,42.2
"Romania","2016-01",2016,43.5
"Romania","2016-02",2016,43.5
"Romania","2016-03",2016,43.5
"Romania","2016-04",2016,43.5
"Romania","2016-05",2016,43.5
"Romania","2016-06",2016,43.5
"Romania","2016-07",2016,43.5
"Romania","2016-08",2016,43.5
"Romania","2016-09",2016,43.5
"Romania","2016-10",2016,43.5
"Romania","2016-11",2016,43.5
"Romania","2016-12",2016,43.5
"Romania","2017-01",2017,44.8
"Romania","2017-02",2017,44.8
"Romania","2017-03",2017,44.8
"Romania","2017-04",2017,44.8
"Romania","2017-05",2017,44.8
"Romania","2017-06",2017,44.8
"Romania","2017-07",2017,44.8
"Romania","2017-08",2017,44.8
"Romania","2017-09",2017,44.8
"Romania","2017-10",2017,44.8
"Romania","2017-11",2017,44.8
"Romania","2017-12",2017,44.8
"Romania","2018-01",2018,45.3
"Romania","2018-02",2018,45.3
"Romania","2018-03",2018,45.3
"Romania","2018-04",2018,45.3
"Romania","2018-05",2018,45.3
"Romania","2018-06",2018,45.3
"Romania","2018-07",2018,45.3
"Romania","2018-08",2018,45.3
"Romania","2018-09",2018,45.3
"Romania","2018-10",2018,45.3
"Romania","2018-11",2018,45.3
"Romania","2018-12",2018,45.3
"Romania","2019-01",2019,44.6
"Romania","2019-02",2019,44.6
"Romania","2019-03",2019,44.6
"Romania","2019-04",2019,44.6
"Romania","2019-05",2019,44.6
"Romania","2019-06",2019,44.6
"Romania","2019-07",2019,44.6
"Romania","2019-08",2019,44.6
"Romania","2019-09",2019,44.6
"Romania","2019-10",2019,44.6
"Romania","2019-11",2019,44.6
"Romania","2019-12",2019,44.6
"Romania","2020-01",2020,41.4
"Romania","2020-02",2020,41.4
"Romania","2020-03",2020,41.4
"Romania","2020-04",2020,41.4
"Romania","2020-05",2020,41.4
"Romania","2020-06",2020,41.4
"Romania","2020-07",2020,41.4
"Romania","2020-08",2020,41.4
"Romania","2020-09",2020,41.4
"Romania","2020-10",2020,41.4
"Romania","2020-11",2020,41.4
"Romania","2020-12",2020,41.4
"Romania","2021-01",2021,46.4
"Romania","2021-02",2021,46.4
"Romania","2021-03",2021,46.4
"Romania","2021-04",2021,46.4
"Romania","2021-05",2021,46.4
"Romania","2021-06",2021,46.4
"Romania","2021-07",2021,46.4
"Romania","2021-08",2021,46.4
"Romania","2021-09",2021,46.4
"Romania","2021-10",2021,46.4
"Romania","2021-11",2021,46.4
"Romania","2021-12",2021,46.4
"Romania","2022-01",2022,50.4
"Romania","2022-02",2022,50.4
"Romania","2022-03",2022,50.4
"Romania","2022-04",2022,50.4
"Romania","2022-05",2022,50.4
"Romania","2022-06",2022,50.4
"Romania","2022-07",2022,50.4
"Romania","2022-08",2022,50.4
"Romania","2022-09",2022,50.4
"Romania","2022-10",2022,50.4
"Romania","2022-11",2022,50.4
"Romania","2022-12",2022,50.4
"Romania","2023-01",2023,44.1
"Romania","2023-02",2023,44.1
"Romania","2023-03",2023,44.1
"Romania","2023-04",2023,44.1
"Romania","2023-05",2023,44.1
"Romania","2023-06",2023,44.1
"Romania","2023-07",2023,44.1
"Romania","2023-08",2023,44.1
"Romania","2023-09",2023,44.1
"Romania","2023-10",2023,44.1
"Romania","2023-11",2023,44.1
"Romania","2023-12",2023,44.1
"Romania","2024-01",2024,41.6
"Romania","2024-02",2024,41.6
"Romania","2024-03",2024,41.6
"Romania","2024-04",2024,41.6
"Romania","2024-05",2024,41.6
"Romania","2024-06",2024,41.6
"Romania","2024-07",2024,41.6
"Romania","2024-08",2024,41.6
"Romania","2024-09",2024,41.6
"Romania","2024-10",2024,41.6
"Romania","2024-11",2024,41.6
"Romania","2024-12",2024,41.6
"Romania","2025-01",2025,NA
"Romania","2025-02",2025,NA
"Romania","2025-03",2025,NA
"Romania","2025-04",2025,NA
"Romania","2025-05",2025,NA
"Romania","2025-06",2025,NA
"Romania","2025-07",2025,NA
"Romania","2025-08",2025,NA
"Romania","2025-09",2025,NA
"Romania","2025-10",2025,NA
"Romania","2025-11",2025,NA
"Romania","2025-12",2025,NA
"Sweden","1996-01",1996,30.4
"Sweden","1996-02",1996,30.4
"Sweden","1996-03",1996,30.4
"Sweden","1996-04",1996,30.4
"Sweden","1996-05",1996,30.4
"Sweden","1996-06",1996,30.4
"Sweden","1996-07",1996,30.4
"Sweden","1996-08",1996,30.4
"Sweden","1996-09",1996,30.4
"Sweden","1996-10",1996,30.4
"Sweden","1996-11",1996,30.4
"Sweden","1996-12",1996,30.4
"Sweden","1997-01",1997,32.8
"Sweden","1997-02",1997,32.8
"Sweden","1997-03",1997,32.8
"Sweden","1997-04",1997,32.8
"Sweden","1997-05",1997,32.8
"Sweden","1997-06",1997,32.8
"Sweden","1997-07",1997,32.8
"Sweden","1997-08",1997,32.8
"Sweden","1997-09",1997,32.8
"Sweden","1997-10",1997,32.8
"Sweden","1997-11",1997,32.8
"Sweden","1997-12",1997,32.8
"Sweden","1998-01",1998,34.2
"Sweden","1998-02",1998,34.2
"Sweden","1998-03",1998,34.2
"Sweden","1998-04",1998,34.2
"Sweden","1998-05",1998,34.2
"Sweden","1998-06",1998,34.2
"Sweden","1998-07",1998,34.2
"Sweden","1998-08",1998,34.2
"Sweden","1998-09",1998,34.2
"Sweden","1998-10",1998,34.2
"Sweden","1998-11",1998,34.2
"Sweden","1998-12",1998,34.2
"Sweden","1999-01",1999,34.7
"Sweden","1999-02",1999,34.7
"Sweden","1999-03",1999,34.7
"Sweden","1999-04",1999,34.7
"Sweden","1999-05",1999,34.7
"Sweden","1999-06",1999,34.7
"Sweden","1999-07",1999,34.7
"Sweden","1999-08",1999,34.7
"Sweden","1999-09",1999,34.7
"Sweden","1999-10",1999,34.7
"Sweden","1999-11",1999,34.7
"Sweden","1999-12",1999,34.7
"Sweden","2000-01",2000,38.2
"Sweden","2000-02",2000,38.2
"Sweden","2000-03",2000,38.2
"Sweden","2000-04",2000,38.2
"Sweden","2000-05",2000,38.2
"Sweden","2000-06",2000,38.2
"Sweden","2000-07",2000,38.2
"Sweden","2000-08",2000,38.2
"Sweden","2000-09",2000,38.2
"Sweden","2000-10",2000,38.2
"Sweden","2000-11",2000,38.2
"Sweden","2000-12",2000,38.2
"Sweden","2001-01",2001,37.7
"Sweden","2001-02",2001,37.7
"Sweden","2001-03",2001,37.7
"Sweden","2001-04",2001,37.7
"Sweden","2001-05",2001,37.7
"Sweden","2001-06",2001,37.7
"Sweden","2001-07",2001,37.7
"Sweden","2001-08",2001,37.7
"Sweden","2001-09",2001,37.7
"Sweden","2001-10",2001,37.7
"Sweden","2001-11",2001,37.7
"Sweden","2001-12",2001,37.7
"Sweden","2002-01",2002,35.9
"Sweden","2002-02",2002,35.9
"Sweden","2002-03",2002,35.9
"Sweden","2002-04",2002,35.9
"Sweden","2002-05",2002,35.9
"Sweden","2002-06",2002,35.9
"Sweden","2002-07",2002,35.9
"Sweden","2002-08",2002,35.9
"Sweden","2002-09",2002,35.9
"Sweden","2002-10",2002,35.9
"Sweden","2002-11",2002,35.9
"Sweden","2002-12",2002,35.9
"Sweden","2003-01",2003,35
"Sweden","2003-02",2003,35
"Sweden","2003-03",2003,35
"Sweden","2003-04",2003,35
"Sweden","2003-05",2003,35
"Sweden","2003-06",2003,35
"Sweden","2003-07",2003,35
"Sweden","2003-08",2003,35
"Sweden","2003-09",2003,35
"Sweden","2003-10",2003,35
"Sweden","2003-11",2003,35
"Sweden","2003-12",2003,35
"Sweden","2004-01",2004,36
"Sweden","2004-02",2004,36
"Sweden","2004-03",2004,36
"Sweden","2004-04",2004,36
"Sweden","2004-05",2004,36
"Sweden","2004-06",2004,36
"Sweden","2004-07",2004,36
"Sweden","2004-08",2004,36
"Sweden","2004-09",2004,36
"Sweden","2004-10",2004,36
"Sweden","2004-11",2004,36
"Sweden","2004-12",2004,36
"Sweden","2005-01",2005,38.8
"Sweden","2005-02",2005,38.8
"Sweden","2005-03",2005,38.8
"Sweden","2005-04",2005,38.8
"Sweden","2005-05",2005,38.8
"Sweden","2005-06",2005,38.8
"Sweden","2005-07",2005,38.8
"Sweden","2005-08",2005,38.8
"Sweden","2005-09",2005,38.8
"Sweden","2005-10",2005,38.8
"Sweden","2005-11",2005,38.8
"Sweden","2005-12",2005,38.8
"Sweden","2006-01",2006,40.7
"Sweden","2006-02",2006,40.7
"Sweden","2006-03",2006,40.7
"Sweden","2006-04",2006,40.7
"Sweden","2006-05",2006,40.7
"Sweden","2006-06",2006,40.7
"Sweden","2006-07",2006,40.7
"Sweden","2006-08",2006,40.7
"Sweden","2006-09",2006,40.7
"Sweden","2006-10",2006,40.7
"Sweden","2006-11",2006,40.7
"Sweden","2006-12",2006,40.7
"Sweden","2007-01",2007,41.8
"Sweden","2007-02",2007,41.8
"Sweden","2007-03",2007,41.8
"Sweden","2007-04",2007,41.8
"Sweden","2007-05",2007,41.8
"Sweden","2007-06",2007,41.8
"Sweden","2007-07",2007,41.8
"Sweden","2007-08",2007,41.8
"Sweden","2007-09",2007,41.8
"Sweden","2007-10",2007,41.8
"Sweden","2007-11",2007,41.8
"Sweden","2007-12",2007,41.8
"Sweden","2008-01",2008,43.8
"Sweden","2008-02",2008,43.8
"Sweden","2008-03",2008,43.8
"Sweden","2008-04",2008,43.8
"Sweden","2008-05",2008,43.8
"Sweden","2008-06",2008,43.8
"Sweden","2008-07",2008,43.8
"Sweden","2008-08",2008,43.8
"Sweden","2008-09",2008,43.8
"Sweden","2008-10",2008,43.8
"Sweden","2008-11",2008,43.8
"Sweden","2008-12",2008,43.8
"Sweden","2009-01",2009,38.5
"Sweden","2009-02",2009,38.5
"Sweden","2009-03",2009,38.5
"Sweden","2009-04",2009,38.5
"Sweden","2009-05",2009,38.5
"Sweden","2009-06",2009,38.5
"Sweden","2009-07",2009,38.5
"Sweden","2009-08",2009,38.5
"Sweden","2009-09",2009,38.5
"Sweden","2009-10",2009,38.5
"Sweden","2009-11",2009,38.5
"Sweden","2009-12",2009,38.5
"Sweden","2010-01",2010,40.2
"Sweden","2010-02",2010,40.2
"Sweden","2010-03",2010,40.2
"Sweden","2010-04",2010,40.2
"Sweden","2010-05",2010,40.2
"Sweden","2010-06",2010,40.2
"Sweden","2010-07",2010,40.2
"Sweden","2010-08",2010,40.2
"Sweden","2010-09",2010,40.2
"Sweden","2010-10",2010,40.2
"Sweden","2010-11",2010,40.2
"Sweden","2010-12",2010,40.2
"Sweden","2011-01",2011,41
"Sweden","2011-02",2011,41
"Sweden","2011-03",2011,41
"Sweden","2011-04",2011,41
"Sweden","2011-05",2011,41
"Sweden","2011-06",2011,41
"Sweden","2011-07",2011,41
"Sweden","2011-08",2011,41
"Sweden","2011-09",2011,41
"Sweden","2011-10",2011,41
"Sweden","2011-11",2011,41
"Sweden","2011-12",2011,41
"Sweden","2012-01",2012,40.5
"Sweden","2012-02",2012,40.5
"Sweden","2012-03",2012,40.5
"Sweden","2012-04",2012,40.5
"Sweden","2012-05",2012,40.5
"Sweden","2012-06",2012,40.5
"Sweden","2012-07",2012,40.5
"Sweden","2012-08",2012,40.5
"Sweden","2012-09",2012,40.5
"Sweden","2012-10",2012,40.5
"Sweden","2012-11",2012,40.5
"Sweden","2012-12",2012,40.5
"Sweden","2013-01",2013,38.9
"Sweden","2013-02",2013,38.9
"Sweden","2013-03",2013,38.9
"Sweden","2013-04",2013,38.9
"Sweden","2013-05",2013,38.9
"Sweden","2013-06",2013,38.9
"Sweden","2013-07",2013,38.9
"Sweden","2013-08",2013,38.9
"Sweden","2013-09",2013,38.9
"Sweden","2013-10",2013,38.9
"Sweden","2013-11",2013,38.9
"Sweden","2013-12",2013,38.9
"Sweden","2014-01",2014,40.4
"Sweden","2014-02",2014,40.4
"Sweden","2014-03",2014,40.4
"Sweden","2014-04",2014,40.4
"Sweden","2014-05",2014,40.4
"Sweden","2014-06",2014,40.4
"Sweden","2014-07",2014,40.4
"Sweden","2014-08",2014,40.4
"Sweden","2014-09",2014,40.4
"Sweden","2014-10",2014,40.4
"Sweden","2014-11",2014,40.4
"Sweden","2014-12",2014,40.4
"Sweden","2015-01",2015,40.5
"Sweden","2015-02",2015,40.5
"Sweden","2015-03",2015,40.5
"Sweden","2015-04",2015,40.5
"Sweden","2015-05",2015,40.5
"Sweden","2015-06",2015,40.5
"Sweden","2015-07",2015,40.5
"Sweden","2015-08",2015,40.5
"Sweden","2015-09",2015,40.5
"Sweden","2015-10",2015,40.5
"Sweden","2015-11",2015,40.5
"Sweden","2015-12",2015,40.5
"Sweden","2016-01",2016,40.5
"Sweden","2016-02",2016,40.5
"Sweden","2016-03",2016,40.5
"Sweden","2016-04",2016,40.5
"Sweden","2016-05",2016,40.5
"Sweden","2016-06",2016,40.5
"Sweden","2016-07",2016,40.5
"Sweden","2016-08",2016,40.5
"Sweden","2016-09",2016,40.5
"Sweden","2016-10",2016,40.5
"Sweden","2016-11",2016,40.5
"Sweden","2016-12",2016,40.5
"Sweden","2017-01",2017,42.2
"Sweden","2017-02",2017,42.2
"Sweden","2017-03",2017,42.2
"Sweden","2017-04",2017,42.2
"Sweden","2017-05",2017,42.2
"Sweden","2017-06",2017,42.2
"Sweden","2017-07",2017,42.2
"Sweden","2017-08",2017,42.2
"Sweden","2017-09",2017,42.2
"Sweden","2017-10",2017,42.2
"Sweden","2017-11",2017,42.2
"Sweden","2017-12",2017,42.2
"Sweden","2018-01",2018,44.5
"Sweden","2018-02",2018,44.5
"Sweden","2018-03",2018,44.5
"Sweden","2018-04",2018,44.5
"Sweden","2018-05",2018,44.5
"Sweden","2018-06",2018,44.5
"Sweden","2018-07",2018,44.5
"Sweden","2018-08",2018,44.5
"Sweden","2018-09",2018,44.5
"Sweden","2018-10",2018,44.5
"Sweden","2018-11",2018,44.5
"Sweden","2018-12",2018,44.5
"Sweden","2019-01",2019,44.5
"Sweden","2019-02",2019,44.5
"Sweden","2019-03",2019,44.5
"Sweden","2019-04",2019,44.5
"Sweden","2019-05",2019,44.5
"Sweden","2019-06",2019,44.5
"Sweden","2019-07",2019,44.5
"Sweden","2019-08",2019,44.5
"Sweden","2019-09",2019,44.5
"Sweden","2019-10",2019,44.5
"Sweden","2019-11",2019,44.5
"Sweden","2019-12",2019,44.5
"Sweden","2020-01",2020,40.2
"Sweden","2020-02",2020,40.2
"Sweden","2020-03",2020,40.2
"Sweden","2020-04",2020,40.2
"Sweden","2020-05",2020,40.2
"Sweden","2020-06",2020,40.2
"Sweden","2020-07",2020,40.2
"Sweden","2020-08",2020,40.2
"Sweden","2020-09",2020,40.2
"Sweden","2020-10",2020,40.2
"Sweden","2020-11",2020,40.2
"Sweden","2020-12",2020,40.2
"Sweden","2021-01",2021,43.6
"Sweden","2021-02",2021,43.6
"Sweden","2021-03",2021,43.6
"Sweden","2021-04",2021,43.6
"Sweden","2021-05",2021,43.6
"Sweden","2021-06",2021,43.6
"Sweden","2021-07",2021,43.6
"Sweden","2021-08",2021,43.6
"Sweden","2021-09",2021,43.6
"Sweden","2021-10",2021,43.6
"Sweden","2021-11",2021,43.6
"Sweden","2021-12",2021,43.6
"Sweden","2022-01",2022,52.8
"Sweden","2022-02",2022,52.8
"Sweden","2022-03",2022,52.8
"Sweden","2022-04",2022,52.8
"Sweden","2022-05",2022,52.8
"Sweden","2022-06",2022,52.8
"Sweden","2022-07",2022,52.8
"Sweden","2022-08",2022,52.8
"Sweden","2022-09",2022,52.8
"Sweden","2022-10",2022,52.8
"Sweden","2022-11",2022,52.8
"Sweden","2022-12",2022,52.8
"Sweden","2023-01",2023,52.4
"Sweden","2023-02",2023,52.4
"Sweden","2023-03",2023,52.4
"Sweden","2023-04",2023,52.4
"Sweden","2023-05",2023,52.4
"Sweden","2023-06",2023,52.4
"Sweden","2023-07",2023,52.4
"Sweden","2023-08",2023,52.4
"Sweden","2023-09",2023,52.4
"Sweden","2023-10",2023,52.4
"Sweden","2023-11",2023,52.4
"Sweden","2023-12",2023,52.4
"Sweden","2024-01",2024,51.5
"Sweden","2024-02",2024,51.5
"Sweden","2024-03",2024,51.5
"Sweden","2024-04",2024,51.5
"Sweden","2024-05",2024,51.5
"Sweden","2024-06",2024,51.5
"Sweden","2024-07",2024,51.5
"Sweden","2024-08",2024,51.5
"Sweden","2024-09",2024,51.5
"Sweden","2024-10",2024,51.5
"Sweden","2024-11",2024,51.5
"Sweden","2024-12",2024,51.5
"Sweden","2025-01",2025,51.1
"Sweden","2025-02",2025,51.1
"Sweden","2025-03",2025,51.1
"Sweden","2025-04",2025,51.1
"Sweden","2025-05",2025,51.1
"Sweden","2025-06",2025,51.1
"Sweden","2025-07",2025,51.1
"Sweden","2025-08",2025,51.1
"Sweden","2025-09",2025,51.1
"Sweden","2025-10",2025,51.1
"Sweden","2025-11",2025,51.1
"Sweden","2025-12",2025,51.1
